,Name,team,G,Points accumulated,FP_avg,mins_avg
0,Nikola Jokic  ,Sengun Deez  Nuts,1,33,33.0,33.416666666666664
1,Nikola Jokic  ,Sengun Deez  Nuts,2,86,43.0,33.90833333333333
2,Nikola Jokic  ,Sengun Deez  Nuts,3,142,47.333333333333336,35.5
3,Nikola Jokic  ,Sengun Deez  Nuts,4,167,41.75,33.36666666666667
4,Nikola Jokic  ,Sengun Deez  Nuts,5,221,44.2,33.65333333333333
5,Nikola Jokic  ,Sengun Deez  Nuts,6,246,41.0,32.288888888888884
6,Nikola Jokic  ,Sengun Deez  Nuts,7,286,40.857142857142854,32.8
7,Nikola Jokic  ,Sengun Deez  Nuts,8,331,41.375,33.15416666666667
8,Nikola Jokic  ,Sengun Deez  Nuts,9,371,41.22222222222222,32.422222222222224
9,Nikola Jokic  ,Sengun Deez  Nuts,10,411,41.1,32.575
10,Nikola Jokic  ,Sengun Deez  Nuts,11,438,39.81818181818182,31.495454545454546
11,Nikola Jokic  ,Sengun Deez  Nuts,12,469,39.083333333333336,31.34861111111111
12,Nikola Jokic  ,Sengun Deez  Nuts,13,498,38.30769230769231,31.06025641025641
0,Cade Cunningham  ,Sengun Deez  Nuts,1,24,24.0,35.1
1,Cade Cunningham  ,Sengun Deez  Nuts,2,41,20.5,33.775000000000006
2,Cade Cunningham  ,Sengun Deez  Nuts,3,63,21.0,33.53333333333334
3,Cade Cunningham  ,Sengun Deez  Nuts,4,73,18.25,33.15416666666667
4,Cade Cunningham  ,Sengun Deez  Nuts,5,95,19.0,33.83
5,Cade Cunningham  ,Sengun Deez  Nuts,6,137,22.833333333333332,33.71388888888889
6,Cade Cunningham  ,Sengun Deez  Nuts,7,171,24.428571428571427,34.50238095238095
7,Cade Cunningham  ,Sengun Deez  Nuts,8,199,24.875,34.73958333333333
8,Cade Cunningham  ,Sengun Deez  Nuts,9,210,23.333333333333332,34.349999999999994
9,Cade Cunningham  ,Sengun Deez  Nuts,10,231,23.1,34.056666666666665
10,Cade Cunningham  ,Sengun Deez  Nuts,11,259,23.545454545454547,34.199999999999996
11,Cade Cunningham  ,Sengun Deez  Nuts,12,257,21.416666666666668,33.34722222222222
0,Pascal Siakam  ,Sengun Deez  Nuts,1,25,25.0,34.06666666666667
1,Pascal Siakam  ,Sengun Deez  Nuts,2,89,44.5,35.43333333333334
2,Pascal Siakam  ,Sengun Deez  Nuts,3,118,39.333333333333336,37.01666666666667
3,Pascal Siakam  ,Sengun Deez  Nuts,4,141,35.25,38.208333333333336
4,Pascal Siakam  ,Sengun Deez  Nuts,5,176,35.2,38.16666666666667
5,Pascal Siakam  ,Sengun Deez  Nuts,6,211,35.166666666666664,37.769444444444446
6,Pascal Siakam  ,Sengun Deez  Nuts,7,253,36.142857142857146,37.39523809523809
7,Pascal Siakam  ,Sengun Deez  Nuts,8,301,37.625,36.166666666666664
8,Pascal Siakam  ,Sengun Deez  Nuts,9,322,35.77777777777778,35.62037037037037
0,Alperen Sengun  ,Sengun Deez  Nuts,1,15,15.0,22.08333333333333
1,Alperen Sengun  ,Sengun Deez  Nuts,2,49,24.5,24.541666666666664
2,Alperen Sengun  ,Sengun Deez  Nuts,3,64,21.333333333333332,24.016666666666666
3,Alperen Sengun  ,Sengun Deez  Nuts,4,92,23.0,24.3875
4,Alperen Sengun  ,Sengun Deez  Nuts,5,115,23.0,25.346666666666668
5,Alperen Sengun  ,Sengun Deez  Nuts,6,136,22.666666666666668,26.08611111111111
6,Alperen Sengun  ,Sengun Deez  Nuts,7,177,25.285714285714285,27.14047619047619
7,Alperen Sengun  ,Sengun Deez  Nuts,8,201,25.125,26.29583333333333
8,Alperen Sengun  ,Sengun Deez  Nuts,9,230,25.555555555555557,26.599999999999998
9,Alperen Sengun  ,Sengun Deez  Nuts,10,254,25.4,26.97333333333333
10,Alperen Sengun  ,Sengun Deez  Nuts,11,261,23.727272727272727,26.24545454545454
11,Alperen Sengun  ,Sengun Deez  Nuts,12,271,22.583333333333332,26.51805555555555
0,Jalen Brunson  ,Sengun Deez  Nuts,1,20,20.0,36.083333333333336
1,Jalen Brunson  ,Sengun Deez  Nuts,2,41,20.5,32.225
2,Jalen Brunson  ,Sengun Deez  Nuts,3,64,21.333333333333332,32.49444444444445
3,Jalen Brunson  ,Sengun Deez  Nuts,4,112,28.0,34.516666666666666
4,Jalen Brunson  ,Sengun Deez  Nuts,5,119,23.8,34.239999999999995
5,Jalen Brunson  ,Sengun Deez  Nuts,6,136,22.666666666666668,34.19166666666666
6,Jalen Brunson  ,Sengun Deez  Nuts,7,153,21.857142857142858,33.73571428571428
7,Jalen Brunson  ,Sengun Deez  Nuts,8,180,22.5,33.99583333333333
8,Jalen Brunson  ,Sengun Deez  Nuts,9,213,23.666666666666668,33.849999999999994
9,Jalen Brunson  ,Sengun Deez  Nuts,10,243,24.3,33.82333333333333
10,Jalen Brunson  ,Sengun Deez  Nuts,11,251,22.818181818181817,33.563636363636355
11,Jalen Brunson  ,Sengun Deez  Nuts,12,283,23.583333333333332,33.45555555555555
12,Jalen Brunson  ,Sengun Deez  Nuts,13,306,23.53846153846154,32.72564102564102
13,Jalen Brunson  ,Sengun Deez  Nuts,14,332,23.714285714285715,32.84523809523809
0,Russell Westbrook  ,Sengun Deez  Nuts,1,30,30.0,30.683333333333334
1,Russell Westbrook  ,Sengun Deez  Nuts,2,32,16.0,29.025
2,Russell Westbrook  ,Sengun Deez  Nuts,3,42,14.0,28.516666666666666
3,Russell Westbrook  ,Sengun Deez  Nuts,4,53,13.25,29.549999999999997
4,Russell Westbrook  ,Sengun Deez  Nuts,5,80,16.0,29.96666666666666
5,Russell Westbrook  ,Sengun Deez  Nuts,6,101,16.833333333333332,29.180555555555554
6,Russell Westbrook  ,Sengun Deez  Nuts,7,132,18.857142857142858,29.21428571428571
7,Russell Westbrook  ,Sengun Deez  Nuts,8,160,20.0,29.53958333333333
8,Russell Westbrook  ,Sengun Deez  Nuts,9,186,20.666666666666668,28.94444444444444
9,Russell Westbrook  ,Sengun Deez  Nuts,10,202,20.2,29.00666666666666
10,Russell Westbrook  ,Sengun Deez  Nuts,11,230,20.90909090909091,29.46515151515151
11,Russell Westbrook  ,Sengun Deez  Nuts,12,253,21.083333333333332,29.326388888888886
0,Brandon Ingram  ,Sengun Deez  Nuts,1,29,29.0,31.0
1,Brandon Ingram  ,Sengun Deez  Nuts,2,64,32.0,34.24166666666666
2,Brandon Ingram  ,Sengun Deez  Nuts,3,74,24.666666666666668,26.433333333333326
3,Brandon Ingram  ,Sengun Deez  Nuts,4,99,24.75,28.883333333333326
4,Brandon Ingram  ,Sengun Deez  Nuts,5,114,22.8,30.75666666666666
5,Brandon Ingram  ,Sengun Deez  Nuts,6,142,23.666666666666668,31.758333333333326
6,Brandon Ingram  ,Sengun Deez  Nuts,7,167,23.857142857142858,31.97619047619047
7,Brandon Ingram  ,Sengun Deez  Nuts,8,179,22.375,31.89583333333333
8,Brandon Ingram  ,Sengun Deez  Nuts,9,200,22.22222222222222,32.53703703703703
9,Brandon Ingram  ,Sengun Deez  Nuts,10,220,22.0,33.04666666666666
0,CJ McCollum  ,Sengun Deez  Nuts,1,26,26.0,31.05
1,CJ McCollum  ,Sengun Deez  Nuts,2,47,23.5,31.3
2,CJ McCollum  ,Sengun Deez  Nuts,3,84,28.0,34.43888888888889
3,CJ McCollum  ,Sengun Deez  Nuts,4,100,25.0,34.70833333333333
4,CJ McCollum  ,Sengun Deez  Nuts,5,114,22.8,34.669999999999995
5,CJ McCollum  ,Sengun Deez  Nuts,6,139,23.166666666666668,34.17222222222222
6,CJ McCollum  ,Sengun Deez  Nuts,7,164,23.428571428571427,35.12142857142857
7,CJ McCollum  ,Sengun Deez  Nuts,8,188,23.5,35.03541666666666
8,CJ McCollum  ,Sengun Deez  Nuts,9,225,25.0,35.73333333333333
9,CJ McCollum  ,Sengun Deez  Nuts,10,237,23.7,35.74166666666666
10,CJ McCollum  ,Sengun Deez  Nuts,11,242,22.0,35.627272727272725
11,CJ McCollum  ,Sengun Deez  Nuts,12,258,21.5,35.81944444444444
12,CJ McCollum  ,Sengun Deez  Nuts,13,271,20.846153846153847,35.94230769230769
13,CJ McCollum  ,Sengun Deez  Nuts,14,306,21.857142857142858,36.010714285714286
0,Keldon Johnson  ,Sengun Deez  Nuts,1,33,33.0,29.65
1,Keldon Johnson  ,Sengun Deez  Nuts,2,60,30.0,31.525
2,Keldon Johnson  ,Sengun Deez  Nuts,3,79,26.333333333333332,31.599999999999998
3,Keldon Johnson  ,Sengun Deez  Nuts,4,91,22.75,32.14583333333333
4,Keldon Johnson  ,Sengun Deez  Nuts,5,116,23.2,32.37333333333333
5,Keldon Johnson  ,Sengun Deez  Nuts,6,148,24.666666666666668,32.75555555555555
6,Keldon Johnson  ,Sengun Deez  Nuts,7,182,26.0,33.51190476190476
7,Keldon Johnson  ,Sengun Deez  Nuts,8,197,24.625,33.625
8,Keldon Johnson  ,Sengun Deez  Nuts,9,223,24.77777777777778,33.34814814814815
9,Keldon Johnson  ,Sengun Deez  Nuts,10,252,25.2,33.58
10,Keldon Johnson  ,Sengun Deez  Nuts,11,264,24.0,34.13939393939394
11,Keldon Johnson  ,Sengun Deez  Nuts,12,291,24.25,33.956944444444446
12,Keldon Johnson  ,Sengun Deez  Nuts,13,300,23.076923076923077,32.774358974358975
13,Keldon Johnson  ,Sengun Deez  Nuts,14,323,23.071428571428573,32.865476190476194
0,Jalen Green  ,Sengun Deez  Nuts,1,11,11.0,32.21666666666667
1,Jalen Green  ,Sengun Deez  Nuts,2,45,22.5,33.69166666666666
2,Jalen Green  ,Sengun Deez  Nuts,3,63,21.0,33.01111111111111
3,Jalen Green  ,Sengun Deez  Nuts,4,88,22.0,33.69583333333333
4,Jalen Green  ,Sengun Deez  Nuts,5,101,20.2,34.17
5,Jalen Green  ,Sengun Deez  Nuts,6,106,17.666666666666668,33.725
6,Jalen Green  ,Sengun Deez  Nuts,7,112,16.0,33.35
7,Jalen Green  ,Sengun Deez  Nuts,8,116,14.5,33.702083333333334
8,Jalen Green  ,Sengun Deez  Nuts,9,136,15.11111111111111,33.294444444444444
9,Jalen Green  ,Sengun Deez  Nuts,10,150,15.0,32.885
10,Jalen Green  ,Sengun Deez  Nuts,11,187,17.0,33.342424242424244
11,Jalen Green  ,Sengun Deez  Nuts,12,211,17.583333333333332,33.93472222222222
12,Jalen Green  ,Sengun Deez  Nuts,13,243,18.692307692307693,34.26410256410256
13,Jalen Green  ,Sengun Deez  Nuts,14,273,19.5,34.344047619047615
0,Tyler Herro  ,Sengun Deez  Nuts,1,27,27.0,34.46666666666667
1,Tyler Herro  ,Sengun Deez  Nuts,2,53,26.5,35.28333333333333
2,Tyler Herro  ,Sengun Deez  Nuts,3,76,25.333333333333332,30.95
3,Tyler Herro  ,Sengun Deez  Nuts,4,110,27.5,33.20833333333333
4,Tyler Herro  ,Sengun Deez  Nuts,5,126,25.2,32.243333333333325
5,Tyler Herro  ,Sengun Deez  Nuts,6,129,21.5,32.163888888888884
6,Tyler Herro  ,Sengun Deez  Nuts,7,158,22.571428571428573,32.55
7,Tyler Herro  ,Sengun Deez  Nuts,8,161,20.125,29.724999999999994
8,Tyler Herro  ,Sengun Deez  Nuts,9,199,22.11111111111111,30.62407407407407
9,Tyler Herro  ,Sengun Deez  Nuts,10,227,22.7,31.396666666666665
0,Nic Claxton  ,Sengun Deez  Nuts,1,25,25.0,24.78333333333333
1,Nic Claxton  ,Sengun Deez  Nuts,2,57,28.5,29.308333333333334
2,Nic Claxton  ,Sengun Deez  Nuts,3,79,26.333333333333332,30.572222222222223
3,Nic Claxton  ,Sengun Deez  Nuts,4,88,22.0,28.7875
4,Nic Claxton  ,Sengun Deez  Nuts,5,94,18.8,28.763333333333332
5,Nic Claxton  ,Sengun Deez  Nuts,6,109,18.166666666666668,27.649999999999995
6,Nic Claxton  ,Sengun Deez  Nuts,7,139,19.857142857142858,28.13333333333333
7,Nic Claxton  ,Sengun Deez  Nuts,8,162,20.25,28.93958333333333
8,Nic Claxton  ,Sengun Deez  Nuts,9,192,21.333333333333332,28.86296296296296
9,Nic Claxton  ,Sengun Deez  Nuts,10,217,21.7,28.52
10,Nic Claxton  ,Sengun Deez  Nuts,11,246,22.363636363636363,28.83030303030303
11,Nic Claxton  ,Sengun Deez  Nuts,12,260,21.666666666666668,28.054166666666664
12,Nic Claxton  ,Sengun Deez  Nuts,13,291,22.384615384615383,28.339743589743588
13,Nic Claxton  ,Sengun Deez  Nuts,14,301,21.5,27.447619047619046
14,Nic Claxton  ,Sengun Deez  Nuts,15,306,20.4,26.81111111111111
0,Saddiq Bey  ,Sengun Deez  Nuts,1,14,14.0,31.383333333333333
1,Saddiq Bey  ,Sengun Deez  Nuts,2,45,22.5,32.18333333333334
2,Saddiq Bey  ,Sengun Deez  Nuts,3,75,25.0,33.583333333333336
3,Saddiq Bey  ,Sengun Deez  Nuts,4,82,20.5,31.95
4,Saddiq Bey  ,Sengun Deez  Nuts,5,95,19.0,31.543333333333333
5,Saddiq Bey  ,Sengun Deez  Nuts,6,98,16.333333333333332,31.266666666666666
6,Saddiq Bey  ,Sengun Deez  Nuts,7,128,18.285714285714285,31.73333333333333
7,Saddiq Bey  ,Sengun Deez  Nuts,8,139,17.375,31.122916666666665
8,Saddiq Bey  ,Sengun Deez  Nuts,9,159,17.666666666666668,31.566666666666663
9,Saddiq Bey  ,Sengun Deez  Nuts,10,180,18.0,31.639999999999997
10,Saddiq Bey  ,Sengun Deez  Nuts,11,203,18.454545454545453,32.092424242424244
11,Saddiq Bey  ,Sengun Deez  Nuts,12,217,18.083333333333332,32.15138888888889
12,Saddiq Bey  ,Sengun Deez  Nuts,13,228,17.53846153846154,31.76923076923077
13,Saddiq Bey  ,Sengun Deez  Nuts,14,235,16.785714285714285,31.677380952380954
14,Saddiq Bey  ,Sengun Deez  Nuts,15,246,16.4,31.61888888888889
0,Bol Bol  ,Sengun Deez  Nuts,1,13,13.0,17.533333333333335
1,Bol Bol  ,Sengun Deez  Nuts,2,21,10.5,14.641666666666667
2,Bol Bol  ,Sengun Deez  Nuts,3,32,10.666666666666666,14.716666666666669
3,Bol Bol  ,Sengun Deez  Nuts,4,57,14.25,16.104166666666668
4,Bol Bol  ,Sengun Deez  Nuts,5,75,15.0,17.236666666666668
5,Bol Bol  ,Sengun Deez  Nuts,6,91,15.166666666666666,18.788888888888888
6,Bol Bol  ,Sengun Deez  Nuts,7,121,17.285714285714285,20.35238095238095
7,Bol Bol  ,Sengun Deez  Nuts,8,149,18.625,21.66875
8,Bol Bol  ,Sengun Deez  Nuts,9,161,17.88888888888889,21.333333333333332
9,Bol Bol  ,Sengun Deez  Nuts,10,194,19.4,22.9
10,Bol Bol  ,Sengun Deez  Nuts,11,202,18.363636363636363,22.689393939393938
11,Bol Bol  ,Sengun Deez  Nuts,12,218,18.166666666666668,22.899999999999995
12,Bol Bol  ,Sengun Deez  Nuts,13,249,19.153846153846153,23.515384615384612
13,Bol Bol  ,Sengun Deez  Nuts,14,264,18.857142857142858,24.02857142857142
0,Luka Doncic  ,Luka All Those Chickens,1,36,36.0,36.66666666666666
1,Luka Doncic  ,Luka All Those Chickens,2,83,41.5,33.31666666666666
2,Luka Doncic  ,Luka All Those Chickens,3,129,43.0,34.31666666666666
3,Luka Doncic  ,Luka All Those Chickens,4,194,48.5,35.8625
4,Luka Doncic  ,Luka All Those Chickens,5,245,49.0,36.69
5,Luka Doncic  ,Luka All Those Chickens,6,285,47.5,36.727777777777774
6,Luka Doncic  ,Luka All Those Chickens,7,327,46.714285714285715,36.547619047619044
7,Luka Doncic  ,Luka All Those Chickens,8,372,46.5,36.547916666666666
8,Luka Doncic  ,Luka All Those Chickens,9,409,45.44444444444444,36.75555555555555
9,Luka Doncic  ,Luka All Those Chickens,10,429,42.9,36.62166666666666
10,Luka Doncic  ,Luka All Those Chickens,11,447,40.63636363636363,36.8530303030303
11,Luka Doncic  ,Luka All Those Chickens,12,517,43.083333333333336,36.922222222222224
12,Luka Doncic  ,Luka All Those Chickens,13,564,43.38461538461539,37.13717948717949
0,Kevin Durant  ,Luka All Those Chickens,1,29,29.0,31.766666666666666
1,Kevin Durant  ,Luka All Those Chickens,2,55,27.5,33.608333333333334
2,Kevin Durant  ,Luka All Those Chickens,3,94,31.333333333333332,35.41111111111111
3,Kevin Durant  ,Luka All Those Chickens,4,120,30.0,36.275
4,Kevin Durant  ,Luka All Those Chickens,5,158,31.6,37.266666666666666
5,Kevin Durant  ,Luka All Those Chickens,6,184,30.666666666666668,37.51944444444444
6,Kevin Durant  ,Luka All Those Chickens,7,228,32.57142857142857,37.740476190476194
7,Kevin Durant  ,Luka All Those Chickens,8,266,33.25,37.770833333333336
8,Kevin Durant  ,Luka All Those Chickens,9,309,34.333333333333336,37.26111111111111
9,Kevin Durant  ,Luka All Those Chickens,10,337,33.7,37.26833333333333
10,Kevin Durant  ,Luka All Those Chickens,11,360,32.72727272727273,37.39545454545455
11,Kevin Durant  ,Luka All Those Chickens,12,420,35.0,37.15694444444444
12,Kevin Durant  ,Luka All Those Chickens,13,454,34.92307692307692,36.955128205128204
13,Kevin Durant  ,Luka All Those Chickens,14,492,35.142857142857146,37.017857142857146
14,Kevin Durant  ,Luka All Those Chickens,15,521,34.733333333333334,36.593333333333334
0,Bam Adebayo  ,Luka All Those Chickens,1,8,8.0,33.983333333333334
1,Bam Adebayo  ,Luka All Those Chickens,2,33,16.5,34.43333333333334
2,Bam Adebayo  ,Luka All Those Chickens,3,46,15.333333333333334,34.85555555555556
3,Bam Adebayo  ,Luka All Those Chickens,4,68,17.0,35.5625
4,Bam Adebayo  ,Luka All Those Chickens,5,89,17.8,34.12
5,Bam Adebayo  ,Luka All Those Chickens,6,121,20.166666666666668,34.72222222222222
6,Bam Adebayo  ,Luka All Those Chickens,7,147,21.0,35.15
7,Bam Adebayo  ,Luka All Those Chickens,8,174,21.75,35.40416666666666
8,Bam Adebayo  ,Luka All Those Chickens,9,205,22.77777777777778,35.03703703703704
9,Bam Adebayo  ,Luka All Those Chickens,10,231,23.1,34.92
10,Bam Adebayo  ,Luka All Those Chickens,11,249,22.636363636363637,34.77878787878788
11,Bam Adebayo  ,Luka All Those Chickens,12,278,23.166666666666668,35.09722222222222
12,Bam Adebayo  ,Luka All Those Chickens,13,315,24.23076923076923,34.94102564102564
13,Bam Adebayo  ,Luka All Those Chickens,14,348,24.857142857142858,35.03333333333334
0,Anthony Edwards  ,Luka All Those Chickens,1,10,10.0,31.75
1,Anthony Edwards  ,Luka All Those Chickens,2,33,16.5,36.50833333333333
2,Anthony Edwards  ,Luka All Those Chickens,3,74,24.666666666666668,35.516666666666666
3,Anthony Edwards  ,Luka All Those Chickens,4,80,20.0,35.479166666666664
4,Anthony Edwards  ,Luka All Those Chickens,5,120,24.0,36.07
5,Anthony Edwards  ,Luka All Those Chickens,6,144,24.0,36.422222222222224
6,Anthony Edwards  ,Luka All Those Chickens,7,162,23.142857142857142,36.404761904761905
7,Anthony Edwards  ,Luka All Those Chickens,8,184,23.0,36.84166666666666
8,Anthony Edwards  ,Luka All Those Chickens,9,205,22.77777777777778,36.859259259259254
9,Anthony Edwards  ,Luka All Those Chickens,10,223,22.3,36.446666666666665
10,Anthony Edwards  ,Luka All Those Chickens,11,238,21.636363636363637,36.45757575757575
11,Anthony Edwards  ,Luka All Those Chickens,12,246,20.5,36.329166666666666
12,Anthony Edwards  ,Luka All Those Chickens,13,280,21.53846153846154,36.434615384615384
13,Anthony Edwards  ,Luka All Those Chickens,14,286,20.428571428571427,36.05595238095238
0,Jimmy Butler  ,Luka All Those Chickens,1,27,27.0,36.56666666666667
1,Jimmy Butler  ,Luka All Those Chickens,2,50,25.0,38.35
2,Jimmy Butler  ,Luka All Those Chickens,3,71,23.666666666666668,37.17777777777778
3,Jimmy Butler  ,Luka All Those Chickens,4,102,25.5,36.329166666666666
4,Jimmy Butler  ,Luka All Those Chickens,5,121,24.2,34.656666666666666
5,Jimmy Butler  ,Luka All Those Chickens,6,165,27.5,35.05833333333333
6,Jimmy Butler  ,Luka All Those Chickens,7,182,26.0,35.352380952380955
7,Jimmy Butler  ,Luka All Those Chickens,8,208,26.0,35.5375
8,Jimmy Butler  ,Luka All Those Chickens,9,230,25.555555555555557,35.281481481481485
9,Jimmy Butler  ,Luka All Those Chickens,10,278,27.8,35.985
10,Jimmy Butler  ,Luka All Those Chickens,11,313,28.454545454545453,35.55909090909091
11,Jimmy Butler  ,Luka All Those Chickens,12,350,29.166666666666668,35.49583333333334
0,Zach LaVine  ,Luka All Those Chickens,1,25,25.0,28.33333333333333
1,Zach LaVine  ,Luka All Those Chickens,2,39,19.5,30.325
2,Zach LaVine  ,Luka All Those Chickens,3,71,23.666666666666668,31.755555555555556
3,Zach LaVine  ,Luka All Those Chickens,4,85,21.25,32.25416666666666
4,Zach LaVine  ,Luka All Those Chickens,5,115,23.0,33.24666666666666
5,Zach LaVine  ,Luka All Those Chickens,6,127,21.166666666666668,33.03055555555555
6,Zach LaVine  ,Luka All Those Chickens,7,147,21.0,33.55
7,Zach LaVine  ,Luka All Those Chickens,8,176,22.0,33.381249999999994
8,Zach LaVine  ,Luka All Those Chickens,9,198,22.0,33.71851851851851
9,Zach LaVine  ,Luka All Those Chickens,10,219,21.9,33.75333333333332
0,Jamal Murray  ,Luka All Those Chickens,1,7,7.0,25.916666666666668
1,Jamal Murray  ,Luka All Those Chickens,2,23,11.5,26.708333333333336
2,Jamal Murray  ,Luka All Those Chickens,3,25,8.333333333333334,26.677777777777777
3,Jamal Murray  ,Luka All Those Chickens,4,38,9.5,26.9375
4,Jamal Murray  ,Luka All Those Chickens,5,50,10.0,25.660000000000004
5,Jamal Murray  ,Luka All Those Chickens,6,70,11.666666666666666,26.63611111111111
6,Jamal Murray  ,Luka All Those Chickens,7,92,13.142857142857142,27.538095238095234
7,Jamal Murray  ,Luka All Those Chickens,8,111,13.875,26.974999999999998
8,Jamal Murray  ,Luka All Those Chickens,9,128,14.222222222222221,27.49259259259259
9,Jamal Murray  ,Luka All Those Chickens,10,150,15.0,27.721666666666664
10,Jamal Murray  ,Luka All Those Chickens,11,172,15.636363636363637,28.356060606060602
11,Jamal Murray  ,Luka All Those Chickens,12,192,16.0,28.67361111111111
0,Desmond Bane  ,Luka All Those Chickens,1,11,11.0,37.48333333333333
1,Desmond Bane  ,Luka All Those Chickens,2,27,13.5,35.36666666666666
2,Desmond Bane  ,Luka All Those Chickens,3,45,15.0,32.661111111111104
3,Desmond Bane  ,Luka All Those Chickens,4,92,23.0,32.512499999999996
4,Desmond Bane  ,Luka All Those Chickens,5,130,26.0,32.67333333333333
5,Desmond Bane  ,Luka All Those Chickens,6,157,26.166666666666668,32.974999999999994
6,Desmond Bane  ,Luka All Those Chickens,7,191,27.285714285714285,33.52380952380952
7,Desmond Bane  ,Luka All Those Chickens,8,210,26.25,32.37708333333333
8,Desmond Bane  ,Luka All Those Chickens,9,242,26.88888888888889,32.70740740740741
9,Desmond Bane  ,Luka All Those Chickens,10,264,26.4,32.983333333333334
10,Desmond Bane  ,Luka All Those Chickens,11,300,27.272727272727273,33.56818181818182
11,Desmond Bane  ,Luka All Those Chickens,12,322,26.833333333333332,33.543055555555554
0,Bobby Portis  ,Luka All Those Chickens,1,21,21.0,22.7
1,Bobby Portis  ,Luka All Those Chickens,2,40,20.0,22.6
2,Bobby Portis  ,Luka All Those Chickens,3,76,25.333333333333332,23.78333333333333
3,Bobby Portis  ,Luka All Those Chickens,4,97,24.25,24.145833333333332
4,Bobby Portis  ,Luka All Those Chickens,5,113,22.6,24.163333333333334
5,Bobby Portis  ,Luka All Those Chickens,6,141,23.5,24.763888888888886
6,Bobby Portis  ,Luka All Those Chickens,7,157,22.428571428571427,24.659523809523808
7,Bobby Portis  ,Luka All Those Chickens,8,182,22.75,25.381249999999998
8,Bobby Portis  ,Luka All Those Chickens,9,213,23.666666666666668,25.812962962962963
9,Bobby Portis  ,Luka All Those Chickens,10,237,23.7,25.535
10,Bobby Portis  ,Luka All Those Chickens,11,253,23.0,26.327272727272728
11,Bobby Portis  ,Luka All Those Chickens,12,279,23.25,26.71666666666667
12,Bobby Portis  ,Luka All Those Chickens,13,299,23.0,26.429487179487182
0,Anfernee Simons  ,Luka All Those Chickens,1,18,18.0,35.85
1,Anfernee Simons  ,Luka All Those Chickens,2,27,13.5,38.925
2,Anfernee Simons  ,Luka All Those Chickens,3,26,8.666666666666666,37.87777777777777
3,Anfernee Simons  ,Luka All Those Chickens,4,65,16.25,37.30416666666667
4,Anfernee Simons  ,Luka All Those Chickens,5,74,14.8,35.77333333333333
5,Anfernee Simons  ,Luka All Those Chickens,6,112,18.666666666666668,36.11944444444445
6,Anfernee Simons  ,Luka All Those Chickens,7,142,20.285714285714285,36.65714285714286
7,Anfernee Simons  ,Luka All Those Chickens,8,162,20.25,36.020833333333336
8,Anfernee Simons  ,Luka All Those Chickens,9,180,20.0,35.70185185185185
9,Anfernee Simons  ,Luka All Those Chickens,10,203,20.3,35.818333333333335
10,Anfernee Simons  ,Luka All Those Chickens,11,227,20.636363636363637,36.14090909090909
11,Anfernee Simons  ,Luka All Those Chickens,12,250,20.833333333333332,35.94583333333333
0,Josh Hart  ,Luka All Those Chickens,1,27,27.0,38.3
1,Josh Hart  ,Luka All Those Chickens,2,42,21.0,39.641666666666666
2,Josh Hart  ,Luka All Those Chickens,3,70,23.333333333333332,38.57222222222222
3,Josh Hart  ,Luka All Those Chickens,4,82,20.5,37.55416666666667
4,Josh Hart  ,Luka All Those Chickens,5,106,21.2,36.339999999999996
5,Josh Hart  ,Luka All Those Chickens,6,121,20.166666666666668,35.913888888888884
6,Josh Hart  ,Luka All Those Chickens,7,130,18.571428571428573,36.44285714285714
7,Josh Hart  ,Luka All Those Chickens,8,146,18.25,36.672916666666666
8,Josh Hart  ,Luka All Those Chickens,9,161,17.88888888888889,36.166666666666664
9,Josh Hart  ,Luka All Those Chickens,10,184,18.4,36.235
10,Josh Hart  ,Luka All Those Chickens,11,194,17.636363636363637,36.14545454545455
11,Josh Hart  ,Luka All Those Chickens,12,215,17.916666666666668,36.31805555555556
12,Josh Hart  ,Luka All Those Chickens,13,216,16.615384615384617,36.315384615384616
13,Josh Hart  ,Luka All Those Chickens,14,234,16.714285714285715,36.167857142857144
0,RJ Barrett  ,Luka All Those Chickens,1,4,4.0,37.6
1,RJ Barrett  ,Luka All Those Chickens,2,22,11.0,32.6
2,RJ Barrett  ,Luka All Those Chickens,3,36,12.0,34.333333333333336
3,RJ Barrett  ,Luka All Those Chickens,4,52,13.0,35.37916666666666
4,RJ Barrett  ,Luka All Those Chickens,5,66,13.2,35.59333333333333
5,RJ Barrett  ,Luka All Those Chickens,6,86,14.333333333333334,35.08055555555555
6,RJ Barrett  ,Luka All Those Chickens,7,106,15.142857142857142,34.78571428571428
7,RJ Barrett  ,Luka All Those Chickens,8,130,16.25,35.08541666666666
8,RJ Barrett  ,Luka All Those Chickens,9,157,17.444444444444443,35.246296296296286
9,RJ Barrett  ,Luka All Those Chickens,10,181,18.1,35.40166666666666
10,RJ Barrett  ,Luka All Those Chickens,11,193,17.545454545454547,34.93181818181818
11,RJ Barrett  ,Luka All Those Chickens,12,227,18.916666666666668,35.14722222222222
12,RJ Barrett  ,Luka All Those Chickens,13,223,17.153846153846153,33.937179487179485
13,RJ Barrett  ,Luka All Those Chickens,14,228,16.285714285714285,34.18928571428571
0,Mason Plumlee  ,Luka All Those Chickens,1,19,19.0,22.23333333333333
1,Mason Plumlee  ,Luka All Those Chickens,2,34,17.0,20.549999999999997
2,Mason Plumlee  ,Luka All Those Chickens,3,48,16.0,22.505555555555556
3,Mason Plumlee  ,Luka All Those Chickens,4,64,16.0,24.670833333333334
4,Mason Plumlee  ,Luka All Those Chickens,5,71,14.2,23.843333333333334
5,Mason Plumlee  ,Luka All Those Chickens,6,86,14.333333333333334,23.73888888888889
6,Mason Plumlee  ,Luka All Those Chickens,7,110,15.714285714285714,24.37142857142857
7,Mason Plumlee  ,Luka All Those Chickens,8,137,17.125,24.489583333333332
8,Mason Plumlee  ,Luka All Those Chickens,9,151,16.77777777777778,24.18333333333333
9,Mason Plumlee  ,Luka All Those Chickens,10,169,16.9,24.77
10,Mason Plumlee  ,Luka All Those Chickens,11,184,16.727272727272727,24.546969696969697
11,Mason Plumlee  ,Luka All Those Chickens,12,215,17.916666666666668,25.18472222222222
12,Mason Plumlee  ,Luka All Those Chickens,13,248,19.076923076923077,26.23461538461538
13,Mason Plumlee  ,Luka All Those Chickens,14,262,18.714285714285715,26.26785714285714
14,Mason Plumlee  ,Luka All Those Chickens,15,298,19.866666666666667,26.614444444444437
0,Al Horford  ,Luka All Those Chickens,1,9,9.0,23.1
1,Al Horford  ,Luka All Those Chickens,2,22,11.0,28.3
2,Al Horford  ,Luka All Those Chickens,3,36,12.0,27.344444444444445
3,Al Horford  ,Luka All Those Chickens,4,54,13.5,30.862499999999997
4,Al Horford  ,Luka All Those Chickens,5,64,12.8,29.396666666666665
5,Al Horford  ,Luka All Those Chickens,6,90,15.0,31.161111111111108
6,Al Horford  ,Luka All Those Chickens,7,107,15.285714285714286,31.480952380952377
7,Al Horford  ,Luka All Those Chickens,8,135,16.875,31.604166666666664
8,Al Horford  ,Luka All Those Chickens,9,157,17.444444444444443,31.024074074074072
9,Al Horford  ,Luka All Those Chickens,10,188,18.8,31.365
10,Al Horford  ,Luka All Those Chickens,11,215,19.545454545454547,31.457575757575754
0,Karl-Anthony Towns  ,Giddey Up,1,16,16.0,35.516666666666666
1,Karl-Anthony Towns  ,Giddey Up,2,33,16.5,34.425
2,Karl-Anthony Towns  ,Giddey Up,3,56,18.666666666666668,33.06111111111111
3,Karl-Anthony Towns  ,Giddey Up,4,94,23.5,34.625
4,Karl-Anthony Towns  ,Giddey Up,5,124,24.8,35.24333333333333
5,Karl-Anthony Towns  ,Giddey Up,6,153,25.5,35.519444444444446
6,Karl-Anthony Towns  ,Giddey Up,7,188,26.857142857142858,35.345238095238095
7,Karl-Anthony Towns  ,Giddey Up,8,225,28.125,35.5375
8,Karl-Anthony Towns  ,Giddey Up,9,259,28.77777777777778,35.711111111111116
9,Karl-Anthony Towns  ,Giddey Up,10,296,29.6,35.165000000000006
10,Karl-Anthony Towns  ,Giddey Up,11,344,31.272727272727273,35.43181818181819
11,Karl-Anthony Towns  ,Giddey Up,12,362,30.166666666666668,34.78472222222223
12,Karl-Anthony Towns  ,Giddey Up,13,389,29.923076923076923,34.12307692307693
13,Karl-Anthony Towns  ,Giddey Up,14,435,31.071428571428573,34.301190476190484
0,LeBron James  ,Giddey Up,1,43,43.0,35.2
1,LeBron James  ,Giddey Up,2,75,37.5,35.93333333333333
2,LeBron James  ,Giddey Up,3,112,37.333333333333336,36.52777777777778
3,LeBron James  ,Giddey Up,4,128,32.0,36.22083333333333
4,LeBron James  ,Giddey Up,5,155,31.0,36.46666666666666
5,LeBron James  ,Giddey Up,6,182,30.333333333333332,36.17222222222222
6,LeBron James  ,Giddey Up,7,209,29.857142857142858,36.67857142857143
7,LeBron James  ,Giddey Up,8,233,29.125,36.3625
8,LeBron James  ,Giddey Up,9,258,28.666666666666668,36.07962962962963
9,LeBron James  ,Giddey Up,10,292,29.2,35.70666666666666
0,Rudy Gobert  ,Giddey Up,1,41,41.0,34.36666666666667
1,Rudy Gobert  ,Giddey Up,2,64,32.0,36.08333333333333
2,Rudy Gobert  ,Giddey Up,3,96,32.0,32.26111111111111
3,Rudy Gobert  ,Giddey Up,4,115,28.75,32.06666666666666
4,Rudy Gobert  ,Giddey Up,5,131,26.2,32.58
5,Rudy Gobert  ,Giddey Up,6,174,29.0,33.34444444444444
6,Rudy Gobert  ,Giddey Up,7,188,26.857142857142858,32.49047619047619
7,Rudy Gobert  ,Giddey Up,8,206,25.75,32.443749999999994
8,Rudy Gobert  ,Giddey Up,9,224,24.88888888888889,32.22592592592592
9,Rudy Gobert  ,Giddey Up,10,262,26.2,31.99333333333333
10,Rudy Gobert  ,Giddey Up,11,281,25.545454545454547,32.26666666666666
11,Rudy Gobert  ,Giddey Up,12,307,25.583333333333332,32.352777777777774
0,Stephen Curry  ,Giddey Up,1,39,39.0,32.8
1,Stephen Curry  ,Giddey Up,2,72,36.0,34.358333333333334
2,Stephen Curry  ,Giddey Up,3,107,35.666666666666664,33.355555555555554
3,Stephen Curry  ,Giddey Up,4,135,33.75,32.49583333333333
4,Stephen Curry  ,Giddey Up,5,180,36.0,33.38666666666667
5,Stephen Curry  ,Giddey Up,6,223,37.166666666666664,34.30555555555556
6,Stephen Curry  ,Giddey Up,7,254,36.285714285714285,34.4
7,Stephen Curry  ,Giddey Up,8,311,38.875,34.4125
8,Stephen Curry  ,Giddey Up,9,356,39.55555555555556,34.84814814814815
9,Stephen Curry  ,Giddey Up,10,418,41.8,35.135000000000005
10,Stephen Curry  ,Giddey Up,11,462,42.0,35.03181818181818
11,Stephen Curry  ,Giddey Up,12,491,40.916666666666664,35.18333333333334
12,Stephen Curry  ,Giddey Up,13,514,39.53846153846154,34.555128205128206
0,Paul George  ,Giddey Up,1,24,24.0,36.18333333333333
1,Paul George  ,Giddey Up,2,63,31.5,37.38333333333333
2,Paul George  ,Giddey Up,3,85,28.333333333333332,36.144444444444446
3,Paul George  ,Giddey Up,4,94,23.5,34.854166666666664
4,Paul George  ,Giddey Up,5,99,19.8,33.43666666666667
5,Paul George  ,Giddey Up,6,149,24.833333333333332,34.19166666666667
6,Paul George  ,Giddey Up,7,174,24.857142857142858,34.57142857142857
7,Paul George  ,Giddey Up,8,208,26.0,34.93958333333333
8,Paul George  ,Giddey Up,9,243,27.0,35.28333333333333
9,Paul George  ,Giddey Up,10,270,27.0,35.72333333333333
10,Paul George  ,Giddey Up,11,301,27.363636363636363,35.772727272727266
11,Paul George  ,Giddey Up,12,310,25.833333333333332,35.63333333333333
12,Paul George  ,Giddey Up,13,335,25.76923076923077,35.12948717948718
13,Paul George  ,Giddey Up,14,358,25.571428571428573,35.582142857142856
0,Jaylen Brown  ,Giddey Up,1,33,33.0,38.56666666666667
1,Jaylen Brown  ,Giddey Up,2,65,32.5,36.29166666666667
2,Jaylen Brown  ,Giddey Up,3,78,26.0,36.69444444444445
3,Jaylen Brown  ,Giddey Up,4,94,23.5,36.36666666666667
4,Jaylen Brown  ,Giddey Up,5,121,24.2,37.65333333333333
5,Jaylen Brown  ,Giddey Up,6,153,25.5,36.37222222222222
6,Jaylen Brown  ,Giddey Up,7,180,25.714285714285715,37.547619047619044
7,Jaylen Brown  ,Giddey Up,8,191,23.875,37.08333333333333
8,Jaylen Brown  ,Giddey Up,9,225,25.0,37.109259259259254
9,Jaylen Brown  ,Giddey Up,10,239,23.9,37.224999999999994
10,Jaylen Brown  ,Giddey Up,11,273,24.818181818181817,36.56969696969696
11,Jaylen Brown  ,Giddey Up,12,310,25.833333333333332,36.42083333333333
12,Jaylen Brown  ,Giddey Up,13,333,25.615384615384617,36.77820512820512
0,Paolo Banchero  ,Giddey Up,1,30,30.0,35.333333333333336
1,Paolo Banchero  ,Giddey Up,2,57,28.5,34.483333333333334
2,Paolo Banchero  ,Giddey Up,3,74,24.666666666666668,34.06111111111111
3,Paolo Banchero  ,Giddey Up,4,93,23.25,33.94166666666667
4,Paolo Banchero  ,Giddey Up,5,126,25.2,34.55
5,Paolo Banchero  ,Giddey Up,6,161,26.833333333333332,33.32222222222222
6,Paolo Banchero  ,Giddey Up,7,168,24.0,33.18809523809524
7,Paolo Banchero  ,Giddey Up,8,183,22.875,33.71875
8,Paolo Banchero  ,Giddey Up,9,201,22.333333333333332,33.983333333333334
9,Paolo Banchero  ,Giddey Up,10,247,24.7,34.57000000000001
10,Paolo Banchero  ,Giddey Up,11,276,25.09090909090909,34.653030303030306
0,Josh Giddey  ,Giddey Up,1,26,26.0,33.85
1,Josh Giddey  ,Giddey Up,2,61,30.5,33.29166666666667
2,Josh Giddey  ,Giddey Up,3,68,22.666666666666668,29.42777777777778
3,Josh Giddey  ,Giddey Up,4,77,19.25,28.333333333333336
4,Josh Giddey  ,Giddey Up,5,91,18.2,29.04666666666667
5,Josh Giddey  ,Giddey Up,6,104,17.333333333333332,28.544444444444448
6,Josh Giddey  ,Giddey Up,7,110,15.714285714285714,28.019047619047623
7,Josh Giddey  ,Giddey Up,8,141,17.625,30.0375
8,Josh Giddey  ,Giddey Up,9,163,18.11111111111111,29.212962962962965
9,Josh Giddey  ,Giddey Up,10,219,21.9,29.96
10,Josh Giddey  ,Giddey Up,11,230,20.90909090909091,30.280303030303035
0,Terry Rozier  ,Giddey Up,1,28,28.0,29.716666666666665
1,Terry Rozier  ,Giddey Up,2,60,30.0,32.925
2,Terry Rozier  ,Giddey Up,3,82,27.333333333333332,34.06666666666666
3,Terry Rozier  ,Giddey Up,4,94,23.5,34.92916666666666
4,Terry Rozier  ,Giddey Up,5,111,22.2,34.883333333333326
5,Terry Rozier  ,Giddey Up,6,128,21.333333333333332,36.29999999999999
6,Terry Rozier  ,Giddey Up,7,151,21.571428571428573,35.98571428571428
7,Terry Rozier  ,Giddey Up,8,167,20.875,35.71458333333333
0,Ben Simmons  ,Giddey Up,1,8,8.0,23.166666666666668
1,Ben Simmons  ,Giddey Up,2,29,14.5,27.825000000000003
2,Ben Simmons  ,Giddey Up,3,38,12.666666666666666,27.922222222222228
3,Ben Simmons  ,Giddey Up,4,50,12.5,29.558333333333337
4,Ben Simmons  ,Giddey Up,5,68,13.6,31.06666666666667
5,Ben Simmons  ,Giddey Up,6,88,14.666666666666666,31.838888888888892
6,Ben Simmons  ,Giddey Up,7,92,13.142857142857142,29.56666666666667
7,Ben Simmons  ,Giddey Up,8,109,13.625,28.856250000000003
8,Ben Simmons  ,Giddey Up,9,118,13.11111111111111,27.25740740740741
9,Ben Simmons  ,Giddey Up,10,133,13.3,26.568333333333335
0,Franz Wagner  ,Giddey Up,1,16,16.0,34.11666666666667
1,Franz Wagner  ,Giddey Up,2,29,14.5,34.875
2,Franz Wagner  ,Giddey Up,3,48,16.0,34.75555555555555
3,Franz Wagner  ,Giddey Up,4,61,15.25,35.05833333333334
4,Franz Wagner  ,Giddey Up,5,79,15.8,34.986666666666665
5,Franz Wagner  ,Giddey Up,6,94,15.666666666666666,33.05277777777778
6,Franz Wagner  ,Giddey Up,7,99,14.142857142857142,33.345238095238095
7,Franz Wagner  ,Giddey Up,8,119,14.875,33.766666666666666
8,Franz Wagner  ,Giddey Up,9,134,14.88888888888889,34.08518518518518
9,Franz Wagner  ,Giddey Up,10,166,16.6,34.725
10,Franz Wagner  ,Giddey Up,11,199,18.09090909090909,34.550000000000004
11,Franz Wagner  ,Giddey Up,12,219,18.25,34.43055555555556
12,Franz Wagner  ,Giddey Up,13,234,18.0,34.14102564102564
13,Franz Wagner  ,Giddey Up,14,256,18.285714285714285,34.101190476190474
0,Ivica Zubac  ,Giddey Up,1,35,35.0,35.36666666666667
1,Ivica Zubac  ,Giddey Up,2,51,25.5,29.766666666666666
2,Ivica Zubac  ,Giddey Up,3,57,19.0,26.955555555555552
3,Ivica Zubac  ,Giddey Up,4,90,22.5,28.891666666666666
4,Ivica Zubac  ,Giddey Up,5,120,24.0,29.98333333333333
5,Ivica Zubac  ,Giddey Up,6,129,21.5,28.891666666666666
6,Ivica Zubac  ,Giddey Up,7,160,22.857142857142858,29.288095238095234
7,Ivica Zubac  ,Giddey Up,8,169,21.125,28.72083333333333
8,Ivica Zubac  ,Giddey Up,9,206,22.88888888888889,29.538888888888884
9,Ivica Zubac  ,Giddey Up,10,226,22.6,30.063333333333333
10,Ivica Zubac  ,Giddey Up,11,240,21.818181818181817,30.33333333333333
11,Ivica Zubac  ,Giddey Up,12,258,21.5,30.82361111111111
12,Ivica Zubac  ,Giddey Up,13,285,21.923076923076923,30.583333333333332
13,Ivica Zubac  ,Giddey Up,14,299,21.357142857142858,30.288095238095234
14,Ivica Zubac  ,Giddey Up,15,311,20.733333333333334,30.444444444444443
0,Bennedict Mathurin  ,Giddey Up,1,19,19.0,27.83333333333333
1,Bennedict Mathurin  ,Giddey Up,2,47,23.5,27.916666666666664
2,Bennedict Mathurin  ,Giddey Up,3,78,26.0,28.827777777777772
3,Bennedict Mathurin  ,Giddey Up,4,89,22.25,27.804166666666664
4,Bennedict Mathurin  ,Giddey Up,5,101,20.2,27.55
5,Bennedict Mathurin  ,Giddey Up,6,109,18.166666666666668,26.802777777777777
6,Bennedict Mathurin  ,Giddey Up,7,144,20.571428571428573,27.702380952380953
7,Bennedict Mathurin  ,Giddey Up,8,154,19.25,27.0125
8,Bennedict Mathurin  ,Giddey Up,9,173,19.22222222222222,28.08888888888889
9,Bennedict Mathurin  ,Giddey Up,10,179,17.9,28.293333333333333
10,Bennedict Mathurin  ,Giddey Up,11,205,18.636363636363637,27.966666666666665
11,Bennedict Mathurin  ,Giddey Up,12,225,18.75,28.13611111111111
0,Tre Jones  ,Giddey Up,1,20,20.0,24.366666666666667
1,Tre Jones  ,Giddey Up,2,39,19.5,29.7
2,Tre Jones  ,Giddey Up,3,52,17.333333333333332,29.944444444444443
3,Tre Jones  ,Giddey Up,4,71,17.75,29.891666666666666
4,Tre Jones  ,Giddey Up,5,86,17.2,30.476666666666667
5,Tre Jones  ,Giddey Up,6,101,16.833333333333332,30.855555555555554
6,Tre Jones  ,Giddey Up,7,108,15.428571428571429,30.947619047619046
7,Tre Jones  ,Giddey Up,8,124,15.5,29.787499999999998
8,Tre Jones  ,Giddey Up,9,146,16.22222222222222,30.14444444444444
9,Tre Jones  ,Giddey Up,10,152,15.2,29.546666666666663
10,Tre Jones  ,Giddey Up,11,181,16.454545454545453,29.89242424242424
11,Tre Jones  ,Giddey Up,12,203,16.916666666666668,30.4875
12,Tre Jones  ,Giddey Up,13,225,17.307692307692307,30.426923076923078
13,Tre Jones  ,Giddey Up,14,237,16.928571428571427,29.889285714285712
0,Ja Morant  ,FuxEm_Like ARabbott,1,30,30.0,37.88333333333333
1,Ja Morant  ,FuxEm_Like ARabbott,2,84,42.0,34.55833333333333
2,Ja Morant  ,FuxEm_Like ARabbott,3,101,33.666666666666664,32.87777777777777
3,Ja Morant  ,FuxEm_Like ARabbott,4,147,36.75,33.199999999999996
4,Ja Morant  ,FuxEm_Like ARabbott,5,168,33.6,32.86
5,Ja Morant  ,FuxEm_Like ARabbott,6,203,33.833333333333336,32.63055555555555
6,Ja Morant  ,FuxEm_Like ARabbott,7,220,31.428571428571427,32.55
7,Ja Morant  ,FuxEm_Like ARabbott,8,239,29.875,31.593749999999996
8,Ja Morant  ,FuxEm_Like ARabbott,9,255,28.333333333333332,31.77777777777778
9,Ja Morant  ,FuxEm_Like ARabbott,10,288,28.8,32.13166666666667
10,Ja Morant  ,FuxEm_Like ARabbott,11,318,28.90909090909091,32.806060606060605
11,Ja Morant  ,FuxEm_Like ARabbott,12,352,29.333333333333332,32.87777777777778
12,Ja Morant  ,FuxEm_Like ARabbott,13,385,29.615384615384617,33.12051282051282
0,Damian Lillard  ,FuxEm_Like ARabbott,1,18,18.0,36.75
1,Damian Lillard  ,FuxEm_Like ARabbott,2,58,29.0,39.68333333333334
2,Damian Lillard  ,FuxEm_Like ARabbott,3,95,31.666666666666668,37.85
3,Damian Lillard  ,FuxEm_Like ARabbott,4,137,34.25,37.05833333333334
4,Damian Lillard  ,FuxEm_Like ARabbott,5,157,31.4,34.943333333333335
5,Damian Lillard  ,FuxEm_Like ARabbott,6,175,29.166666666666668,34.875
6,Damian Lillard  ,FuxEm_Like ARabbott,7,202,28.857142857142858,35.0452380952381
7,Damian Lillard  ,FuxEm_Like ARabbott,8,241,30.125,35.375
8,Damian Lillard  ,FuxEm_Like ARabbott,9,267,29.666666666666668,35.83518518518518
0,Evan Mobley  ,FuxEm_Like ARabbott,1,16,16.0,35.583333333333336
1,Evan Mobley  ,FuxEm_Like ARabbott,2,33,16.5,30.175
2,Evan Mobley  ,FuxEm_Like ARabbott,3,48,16.0,32.31111111111111
3,Evan Mobley  ,FuxEm_Like ARabbott,4,65,16.25,32.84166666666667
4,Evan Mobley  ,FuxEm_Like ARabbott,5,97,19.4,34.67
5,Evan Mobley  ,FuxEm_Like ARabbott,6,116,19.333333333333332,34.6
6,Evan Mobley  ,FuxEm_Like ARabbott,7,135,19.285714285714285,34.22857142857143
7,Evan Mobley  ,FuxEm_Like ARabbott,8,153,19.125,33.725
8,Evan Mobley  ,FuxEm_Like ARabbott,9,164,18.22222222222222,33.361111111111114
9,Evan Mobley  ,FuxEm_Like ARabbott,10,190,19.0,33.39333333333333
10,Evan Mobley  ,FuxEm_Like ARabbott,11,207,18.818181818181817,33.60757575757576
11,Evan Mobley  ,FuxEm_Like ARabbott,12,240,20.0,34.03611111111111
12,Evan Mobley  ,FuxEm_Like ARabbott,13,252,19.384615384615383,33.8948717948718
0,Donovan Mitchell  ,FuxEm_Like ARabbott,1,33,33.0,34.53333333333333
1,Donovan Mitchell  ,FuxEm_Like ARabbott,2,73,36.5,34.525
2,Donovan Mitchell  ,FuxEm_Like ARabbott,3,104,34.666666666666664,37.87222222222223
3,Donovan Mitchell  ,FuxEm_Like ARabbott,4,117,29.25,37.704166666666666
4,Donovan Mitchell  ,FuxEm_Like ARabbott,5,154,30.8,39.30333333333333
5,Donovan Mitchell  ,FuxEm_Like ARabbott,6,209,34.833333333333336,38.947222222222216
6,Donovan Mitchell  ,FuxEm_Like ARabbott,7,234,33.42857142857143,39.65714285714285
7,Donovan Mitchell  ,FuxEm_Like ARabbott,8,266,33.25,39.34166666666666
8,Donovan Mitchell  ,FuxEm_Like ARabbott,9,298,33.111111111111114,39.25925925925926
9,Donovan Mitchell  ,FuxEm_Like ARabbott,10,337,33.7,39.23166666666667
10,Donovan Mitchell  ,FuxEm_Like ARabbott,11,383,34.81818181818182,39.053030303030305
0,Jakob Poeltl  ,FuxEm_Like ARabbott,1,16,16.0,26.98333333333333
1,Jakob Poeltl  ,FuxEm_Like ARabbott,2,40,20.0,27.791666666666664
2,Jakob Poeltl  ,FuxEm_Like ARabbott,3,69,23.0,27.538888888888888
3,Jakob Poeltl  ,FuxEm_Like ARabbott,4,100,25.0,28.279166666666665
4,Jakob Poeltl  ,FuxEm_Like ARabbott,5,124,24.8,28.443333333333335
5,Jakob Poeltl  ,FuxEm_Like ARabbott,6,164,27.333333333333332,28.733333333333334
6,Jakob Poeltl  ,FuxEm_Like ARabbott,7,188,26.857142857142858,29.414285714285715
7,Jakob Poeltl  ,FuxEm_Like ARabbott,8,195,24.375,28.320833333333333
8,Jakob Poeltl  ,FuxEm_Like ARabbott,9,206,22.88888888888889,28.10185185185185
9,Jakob Poeltl  ,FuxEm_Like ARabbott,10,223,22.3,28.15
10,Jakob Poeltl  ,FuxEm_Like ARabbott,11,242,22.0,28.481818181818184
11,Jakob Poeltl  ,FuxEm_Like ARabbott,12,273,22.75,29.169444444444448
12,Jakob Poeltl  ,FuxEm_Like ARabbott,13,302,23.23076923076923,29.216666666666672
13,Jakob Poeltl  ,FuxEm_Like ARabbott,14,313,22.357142857142858,28.58214285714286
14,Jakob Poeltl  ,FuxEm_Like ARabbott,15,360,24.0,28.78777777777778
0,Bradley Beal  ,FuxEm_Like ARabbott,1,26,26.0,37.516666666666666
1,Bradley Beal  ,FuxEm_Like ARabbott,2,47,23.5,37.08333333333333
2,Bradley Beal  ,FuxEm_Like ARabbott,3,72,24.0,38.583333333333336
3,Bradley Beal  ,FuxEm_Like ARabbott,4,89,22.25,34.391666666666666
4,Bradley Beal  ,FuxEm_Like ARabbott,5,128,25.6,34.95666666666666
5,Bradley Beal  ,FuxEm_Like ARabbott,6,140,23.333333333333332,35.358333333333334
6,Bradley Beal  ,FuxEm_Like ARabbott,7,159,22.714285714285715,35.714285714285715
7,Bradley Beal  ,FuxEm_Like ARabbott,8,188,23.5,35.8125
8,Bradley Beal  ,FuxEm_Like ARabbott,9,209,23.22222222222222,35.12222222222223
0,Collin Sexton  ,FuxEm_Like ARabbott,1,19,19.0,20.78333333333333
1,Collin Sexton  ,FuxEm_Like ARabbott,2,32,16.0,20.049999999999997
2,Collin Sexton  ,FuxEm_Like ARabbott,3,38,12.666666666666666,19.65
3,Collin Sexton  ,FuxEm_Like ARabbott,4,51,12.75,18.60833333333333
4,Collin Sexton  ,FuxEm_Like ARabbott,5,53,10.6,16.959999999999997
5,Collin Sexton  ,FuxEm_Like ARabbott,6,63,10.5,16.88333333333333
6,Collin Sexton  ,FuxEm_Like ARabbott,7,84,12.0,19.023809523809522
7,Collin Sexton  ,FuxEm_Like ARabbott,8,98,12.25,19.677083333333332
8,Collin Sexton  ,FuxEm_Like ARabbott,9,113,12.555555555555555,20.92037037037037
9,Collin Sexton  ,FuxEm_Like ARabbott,10,132,13.2,21.688333333333333
10,Collin Sexton  ,FuxEm_Like ARabbott,11,151,13.727272727272727,22.19242424242424
11,Collin Sexton  ,FuxEm_Like ARabbott,12,171,14.25,22.67222222222222
12,Collin Sexton  ,FuxEm_Like ARabbott,13,168,12.923076923076923,21.93974358974359
13,Collin Sexton  ,FuxEm_Like ARabbott,14,187,13.357142857142858,21.933333333333334
14,Collin Sexton  ,FuxEm_Like ARabbott,15,192,12.8,22.128888888888888
15,Collin Sexton  ,FuxEm_Like ARabbott,16,195,12.1875,21.833333333333332
0,De'Aaron Fox  ,FuxEm_Like ARabbott,1,36,36.0,35.15
1,De'Aaron Fox  ,FuxEm_Like ARabbott,2,72,36.0,33.791666666666664
2,De'Aaron Fox  ,FuxEm_Like ARabbott,3,108,36.0,34.644444444444446
3,De'Aaron Fox  ,FuxEm_Like ARabbott,4,136,34.0,34.8375
4,De'Aaron Fox  ,FuxEm_Like ARabbott,5,164,32.8,35.12
5,De'Aaron Fox  ,FuxEm_Like ARabbott,6,169,28.166666666666668,30.766666666666666
6,De'Aaron Fox  ,FuxEm_Like ARabbott,7,203,29.0,32.12619047619047
7,De'Aaron Fox  ,FuxEm_Like ARabbott,8,228,28.5,32.67916666666667
8,De'Aaron Fox  ,FuxEm_Like ARabbott,9,249,27.666666666666668,32.21666666666667
9,De'Aaron Fox  ,FuxEm_Like ARabbott,10,299,29.9,32.55
10,De'Aaron Fox  ,FuxEm_Like ARabbott,11,325,29.545454545454547,32.71363636363637
11,De'Aaron Fox  ,FuxEm_Like ARabbott,12,345,28.75,31.96666666666667
0,Michael Porter Jr.  ,FuxEm_Like ARabbott,1,16,16.0,35.36666666666667
1,Michael Porter Jr.  ,FuxEm_Like ARabbott,2,41,20.5,31.633333333333333
2,Michael Porter Jr.  ,FuxEm_Like ARabbott,3,67,22.333333333333332,30.305555555555554
3,Michael Porter Jr.  ,FuxEm_Like ARabbott,4,87,21.75,29.10833333333333
4,Michael Porter Jr.  ,FuxEm_Like ARabbott,5,123,24.6,29.296666666666663
5,Michael Porter Jr.  ,FuxEm_Like ARabbott,6,143,23.833333333333332,29.052777777777777
6,Michael Porter Jr.  ,FuxEm_Like ARabbott,7,158,22.571428571428573,28.988095238095237
7,Michael Porter Jr.  ,FuxEm_Like ARabbott,8,180,22.5,29.089583333333334
8,Michael Porter Jr.  ,FuxEm_Like ARabbott,9,210,23.333333333333332,29.22592592592592
9,Michael Porter Jr.  ,FuxEm_Like ARabbott,10,231,23.1,29.93166666666666
10,Michael Porter Jr.  ,FuxEm_Like ARabbott,11,236,21.454545454545453,29.49545454545454
11,Michael Porter Jr.  ,FuxEm_Like ARabbott,12,273,22.75,29.052777777777774
0,Tobias Harris  ,FuxEm_Like ARabbott,1,18,18.0,34.233333333333334
1,Tobias Harris  ,FuxEm_Like ARabbott,2,36,18.0,33.80833333333334
2,Tobias Harris  ,FuxEm_Like ARabbott,3,54,18.0,34.42777777777778
3,Tobias Harris  ,FuxEm_Like ARabbott,4,81,20.25,32.958333333333336
4,Tobias Harris  ,FuxEm_Like ARabbott,5,95,19.0,33.21666666666667
5,Tobias Harris  ,FuxEm_Like ARabbott,6,110,18.333333333333332,32.34722222222222
6,Tobias Harris  ,FuxEm_Like ARabbott,7,134,19.142857142857142,32.17857142857143
7,Tobias Harris  ,FuxEm_Like ARabbott,8,154,19.25,32.44166666666666
8,Tobias Harris  ,FuxEm_Like ARabbott,9,180,20.0,32.605555555555554
9,Tobias Harris  ,FuxEm_Like ARabbott,10,214,21.4,33.089999999999996
10,Tobias Harris  ,FuxEm_Like ARabbott,11,239,21.727272727272727,33.527272727272724
11,Tobias Harris  ,FuxEm_Like ARabbott,12,250,20.833333333333332,33.52777777777777
12,Tobias Harris  ,FuxEm_Like ARabbott,13,274,21.076923076923077,33.9128205128205
13,Tobias Harris  ,FuxEm_Like ARabbott,14,280,20.0,33.74404761904761
0,Buddy Hield  ,FuxEm_Like ARabbott,1,27,27.0,31.55
1,Buddy Hield  ,FuxEm_Like ARabbott,2,46,23.0,28.016666666666666
2,Buddy Hield  ,FuxEm_Like ARabbott,3,50,16.666666666666668,23.855555555555554
3,Buddy Hield  ,FuxEm_Like ARabbott,4,74,18.5,24.833333333333332
4,Buddy Hield  ,FuxEm_Like ARabbott,5,102,20.4,26.28333333333333
5,Buddy Hield  ,FuxEm_Like ARabbott,6,131,21.833333333333332,27.46388888888889
6,Buddy Hield  ,FuxEm_Like ARabbott,7,162,23.142857142857142,28.99047619047619
7,Buddy Hield  ,FuxEm_Like ARabbott,8,188,23.5,29.822916666666668
8,Buddy Hield  ,FuxEm_Like ARabbott,9,216,24.0,30.985185185185188
9,Buddy Hield  ,FuxEm_Like ARabbott,10,243,24.3,31.506666666666668
10,Buddy Hield  ,FuxEm_Like ARabbott,11,254,23.09090909090909,31.745454545454546
11,Buddy Hield  ,FuxEm_Like ARabbott,12,280,23.333333333333332,31.46388888888889
0,Bojan Bogdanovic  ,FuxEm_Like ARabbott,1,29,29.0,34.833333333333336
1,Bojan Bogdanovic  ,FuxEm_Like ARabbott,2,49,24.5,30.433333333333334
2,Bojan Bogdanovic  ,FuxEm_Like ARabbott,3,66,22.0,31.116666666666664
3,Bojan Bogdanovic  ,FuxEm_Like ARabbott,4,92,23.0,30.662499999999998
4,Bojan Bogdanovic  ,FuxEm_Like ARabbott,5,124,24.8,31.266666666666662
5,Bojan Bogdanovic  ,FuxEm_Like ARabbott,6,146,24.333333333333332,31.11944444444444
6,Bojan Bogdanovic  ,FuxEm_Like ARabbott,7,172,24.571428571428573,31.645238095238092
7,Bojan Bogdanovic  ,FuxEm_Like ARabbott,8,198,24.75,32.074999999999996
8,Bojan Bogdanovic  ,FuxEm_Like ARabbott,9,206,22.88888888888889,31.599999999999998
9,Bojan Bogdanovic  ,FuxEm_Like ARabbott,10,207,20.7,31.109999999999996
10,Bojan Bogdanovic  ,FuxEm_Like ARabbott,11,215,19.545454545454547,31.015151515151512
11,Bojan Bogdanovic  ,FuxEm_Like ARabbott,12,228,19.0,30.612499999999997
12,Bojan Bogdanovic  ,FuxEm_Like ARabbott,13,253,19.46153846153846,30.894871794871793
13,Bojan Bogdanovic  ,FuxEm_Like ARabbott,14,283,20.214285714285715,31.04404761904762
14,Bojan Bogdanovic  ,FuxEm_Like ARabbott,15,297,19.8,31.16888888888889
0,Brook Lopez  ,FuxEm_Like ARabbott,1,17,17.0,30.933333333333334
1,Brook Lopez  ,FuxEm_Like ARabbott,2,38,19.0,29.858333333333334
2,Brook Lopez  ,FuxEm_Like ARabbott,3,50,16.666666666666668,29.188888888888886
3,Brook Lopez  ,FuxEm_Like ARabbott,4,78,19.5,30.241666666666667
4,Brook Lopez  ,FuxEm_Like ARabbott,5,108,21.6,30.993333333333332
5,Brook Lopez  ,FuxEm_Like ARabbott,6,138,23.0,31.563888888888886
6,Brook Lopez  ,FuxEm_Like ARabbott,7,154,22.0,30.916666666666664
7,Brook Lopez  ,FuxEm_Like ARabbott,8,165,20.625,31.139583333333334
8,Brook Lopez  ,FuxEm_Like ARabbott,9,191,21.22222222222222,30.312962962962963
9,Brook Lopez  ,FuxEm_Like ARabbott,10,203,20.3,30.064999999999998
10,Brook Lopez  ,FuxEm_Like ARabbott,11,239,21.727272727272727,31.481818181818177
11,Brook Lopez  ,FuxEm_Like ARabbott,12,255,21.25,31.32083333333333
12,Brook Lopez  ,FuxEm_Like ARabbott,13,266,20.46153846153846,31.457692307692305
0,De'Anthony Melton  ,FuxEm_Like ARabbott,1,5,5.0,20.55
1,De'Anthony Melton  ,FuxEm_Like ARabbott,2,15,7.5,20.05833333333333
2,De'Anthony Melton  ,FuxEm_Like ARabbott,3,18,6.0,18.566666666666666
3,De'Anthony Melton  ,FuxEm_Like ARabbott,4,35,8.75,18.174999999999997
4,De'Anthony Melton  ,FuxEm_Like ARabbott,5,58,11.6,18.876666666666665
5,De'Anthony Melton  ,FuxEm_Like ARabbott,6,78,13.0,20.855555555555554
6,De'Anthony Melton  ,FuxEm_Like ARabbott,7,94,13.428571428571429,20.985714285714284
7,De'Anthony Melton  ,FuxEm_Like ARabbott,8,113,14.125,22.447916666666664
8,De'Anthony Melton  ,FuxEm_Like ARabbott,9,128,14.222222222222221,23.318518518518516
9,De'Anthony Melton  ,FuxEm_Like ARabbott,10,140,14.0,24.369999999999997
10,De'Anthony Melton  ,FuxEm_Like ARabbott,11,149,13.545454545454545,24.74090909090909
11,De'Anthony Melton  ,FuxEm_Like ARabbott,12,161,13.416666666666666,24.380555555555556
0,Joel Embiid  ,Boban  Marjanovic ,1,36,36.0,37.266666666666666
1,Joel Embiid  ,Boban  Marjanovic ,2,53,26.5,36.70833333333333
2,Joel Embiid  ,Boban  Marjanovic ,3,101,33.666666666666664,36.455555555555556
3,Joel Embiid  ,Boban  Marjanovic ,4,131,32.75,34.412499999999994
4,Joel Embiid  ,Boban  Marjanovic ,5,163,32.6,35.033333333333324
5,Joel Embiid  ,Boban  Marjanovic ,6,187,31.166666666666668,34.46944444444444
6,Joel Embiid  ,Boban  Marjanovic ,7,226,32.285714285714285,34.790476190476184
7,Joel Embiid  ,Boban  Marjanovic ,8,254,31.75,34.41041666666666
8,Joel Embiid  ,Boban  Marjanovic ,9,304,33.77777777777778,35.03333333333333
9,Joel Embiid  ,Boban  Marjanovic ,10,378,37.8,35.19833333333333
0,Tyrese Haliburton  ,Boban  Marjanovic ,1,29,29.0,35.666666666666664
1,Tyrese Haliburton  ,Boban  Marjanovic ,2,65,32.5,31.40833333333333
2,Tyrese Haliburton  ,Boban  Marjanovic ,3,105,35.0,31.62222222222222
3,Tyrese Haliburton  ,Boban  Marjanovic ,4,140,35.0,31.575
4,Tyrese Haliburton  ,Boban  Marjanovic ,5,165,33.0,32.9
5,Tyrese Haliburton  ,Boban  Marjanovic ,6,205,34.166666666666664,33.416666666666664
6,Tyrese Haliburton  ,Boban  Marjanovic ,7,242,34.57142857142857,33.392857142857146
7,Tyrese Haliburton  ,Boban  Marjanovic ,8,255,31.875,33.38333333333333
8,Tyrese Haliburton  ,Boban  Marjanovic ,9,289,32.111111111111114,33.68888888888889
9,Tyrese Haliburton  ,Boban  Marjanovic ,10,330,33.0,33.73166666666667
10,Tyrese Haliburton  ,Boban  Marjanovic ,11,368,33.45454545454545,33.68333333333333
11,Tyrese Haliburton  ,Boban  Marjanovic ,12,387,32.25,34.140277777777776
0,Nikola Vucevic  ,Boban  Marjanovic ,1,34,34.0,33.11666666666667
1,Nikola Vucevic  ,Boban  Marjanovic ,2,59,29.5,31.549999999999997
2,Nikola Vucevic  ,Boban  Marjanovic ,3,80,26.666666666666668,31.29444444444444
3,Nikola Vucevic  ,Boban  Marjanovic ,4,116,29.0,31.125
4,Nikola Vucevic  ,Boban  Marjanovic ,5,135,27.0,31.15
5,Nikola Vucevic  ,Boban  Marjanovic ,6,142,23.666666666666668,30.04444444444444
6,Nikola Vucevic  ,Boban  Marjanovic ,7,188,26.857142857142858,30.947619047619046
7,Nikola Vucevic  ,Boban  Marjanovic ,8,206,25.75,31.070833333333333
8,Nikola Vucevic  ,Boban  Marjanovic ,9,229,25.444444444444443,31.125925925925927
9,Nikola Vucevic  ,Boban  Marjanovic ,10,273,27.3,31.53666666666667
10,Nikola Vucevic  ,Boban  Marjanovic ,11,308,28.0,31.893939393939398
11,Nikola Vucevic  ,Boban  Marjanovic ,12,336,28.0,32.12916666666667
12,Nikola Vucevic  ,Boban  Marjanovic ,13,359,27.615384615384617,31.76538461538462
13,Nikola Vucevic  ,Boban  Marjanovic ,14,366,26.142857142857142,31.144047619047623
0,Anthony Davis  ,Boban  Marjanovic ,1,21,21.0,35.6
1,Anthony Davis  ,Boban  Marjanovic ,2,47,23.5,33.766666666666666
2,Anthony Davis  ,Boban  Marjanovic ,3,86,28.666666666666668,34.59444444444444
3,Anthony Davis  ,Boban  Marjanovic ,4,128,32.0,35.05416666666667
4,Anthony Davis  ,Boban  Marjanovic ,5,164,32.8,35.40333333333333
5,Anthony Davis  ,Boban  Marjanovic ,6,204,34.0,35.702777777777776
6,Anthony Davis  ,Boban  Marjanovic ,7,230,32.857142857142854,35.580952380952375
7,Anthony Davis  ,Boban  Marjanovic ,8,261,32.625,35.227083333333326
8,Anthony Davis  ,Boban  Marjanovic ,9,289,32.111111111111114,34.557407407407396
9,Anthony Davis  ,Boban  Marjanovic ,10,312,31.2,34.63666666666666
10,Anthony Davis  ,Boban  Marjanovic ,11,349,31.727272727272727,34.595454545454544
11,Anthony Davis  ,Boban  Marjanovic ,12,400,33.333333333333336,34.515277777777776
0,Scottie Barnes  ,Boban  Marjanovic ,1,19,19.0,32.333333333333336
1,Scottie Barnes  ,Boban  Marjanovic ,2,40,20.0,34.108333333333334
2,Scottie Barnes  ,Boban  Marjanovic ,3,49,16.333333333333332,27.150000000000002
3,Scottie Barnes  ,Boban  Marjanovic ,4,82,20.5,28.52916666666667
4,Scottie Barnes  ,Boban  Marjanovic ,5,101,20.2,28.603333333333335
5,Scottie Barnes  ,Boban  Marjanovic ,6,133,22.166666666666668,29.400000000000002
6,Scottie Barnes  ,Boban  Marjanovic ,7,151,21.571428571428573,29.2
7,Scottie Barnes  ,Boban  Marjanovic ,8,187,23.375,30.31041666666667
8,Scottie Barnes  ,Boban  Marjanovic ,9,214,23.77777777777778,31.396296296296295
9,Scottie Barnes  ,Boban  Marjanovic ,10,221,22.1,31.298333333333336
10,Scottie Barnes  ,Boban  Marjanovic ,11,239,21.727272727272727,31.553030303030308
11,Scottie Barnes  ,Boban  Marjanovic ,12,253,21.083333333333332,31.309722222222224
12,Scottie Barnes  ,Boban  Marjanovic ,13,264,20.307692307692307,31.902564102564103
13,Scottie Barnes  ,Boban  Marjanovic ,14,275,19.642857142857142,32.06547619047619
0,Jrue Holiday  ,Boban  Marjanovic ,1,6,6.0,35.78333333333333
1,Jrue Holiday  ,Boban  Marjanovic ,2,42,21.0,33.96666666666667
2,Jrue Holiday  ,Boban  Marjanovic ,3,53,17.666666666666668,34.62222222222223
3,Jrue Holiday  ,Boban  Marjanovic ,4,71,17.75,33.954166666666666
4,Jrue Holiday  ,Boban  Marjanovic ,5,118,23.6,34.49666666666666
5,Jrue Holiday  ,Boban  Marjanovic ,6,158,26.333333333333332,34.96666666666666
6,Jrue Holiday  ,Boban  Marjanovic ,7,191,27.285714285714285,34.25238095238095
7,Jrue Holiday  ,Boban  Marjanovic ,8,228,28.5,34.172916666666666
8,Jrue Holiday  ,Boban  Marjanovic ,9,253,28.11111111111111,33.57962962962963
9,Jrue Holiday  ,Boban  Marjanovic ,10,271,27.1,33.10333333333333
0,Kyle Kuzma  ,Boban  Marjanovic ,1,32,32.0,34.5
1,Kyle Kuzma  ,Boban  Marjanovic ,2,60,30.0,34.2
2,Kyle Kuzma  ,Boban  Marjanovic ,3,73,24.333333333333332,35.27777777777778
3,Kyle Kuzma  ,Boban  Marjanovic ,4,94,23.5,33.30833333333334
4,Kyle Kuzma  ,Boban  Marjanovic ,5,113,22.6,34.10666666666667
5,Kyle Kuzma  ,Boban  Marjanovic ,6,123,20.5,33.16388888888889
6,Kyle Kuzma  ,Boban  Marjanovic ,7,140,20.0,33.09761904761905
7,Kyle Kuzma  ,Boban  Marjanovic ,8,164,20.5,32.87291666666667
8,Kyle Kuzma  ,Boban  Marjanovic ,9,183,20.333333333333332,31.855555555555554
9,Kyle Kuzma  ,Boban  Marjanovic ,10,204,20.4,32.10666666666667
10,Kyle Kuzma  ,Boban  Marjanovic ,11,220,20.0,32.0439393939394
11,Kyle Kuzma  ,Boban  Marjanovic ,12,268,22.333333333333332,32.80694444444445
12,Kyle Kuzma  ,Boban  Marjanovic ,13,290,22.307692307692307,32.83461538461539
13,Kyle Kuzma  ,Boban  Marjanovic ,14,300,21.428571428571427,32.94761904761905
0,Christian Wood  ,Boban  Marjanovic ,1,26,26.0,24.266666666666666
1,Christian Wood  ,Boban  Marjanovic ,2,63,31.5,24.683333333333334
2,Christian Wood  ,Boban  Marjanovic ,3,89,29.666666666666668,26.28333333333333
3,Christian Wood  ,Boban  Marjanovic ,4,103,25.75,25.80833333333333
4,Christian Wood  ,Boban  Marjanovic ,5,113,22.6,26.396666666666665
5,Christian Wood  ,Boban  Marjanovic ,6,122,20.333333333333332,25.913888888888888
6,Christian Wood  ,Boban  Marjanovic ,7,151,21.571428571428573,25.52142857142857
7,Christian Wood  ,Boban  Marjanovic ,8,169,21.125,25.174999999999997
8,Christian Wood  ,Boban  Marjanovic ,9,173,19.22222222222222,24.66296296296296
9,Christian Wood  ,Boban  Marjanovic ,10,194,19.4,24.709999999999997
10,Christian Wood  ,Boban  Marjanovic ,11,209,19.0,24.628787878787875
0,Chris Paul  ,Boban  Marjanovic ,1,12,12.0,30.28333333333333
1,Chris Paul  ,Boban  Marjanovic ,2,41,20.5,33.21666666666667
2,Chris Paul  ,Boban  Marjanovic ,3,60,20.0,33.01666666666667
3,Chris Paul  ,Boban  Marjanovic ,4,90,22.5,33.56666666666667
4,Chris Paul  ,Boban  Marjanovic ,5,102,20.4,32.980000000000004
5,Chris Paul  ,Boban  Marjanovic ,6,128,21.333333333333332,32.68888888888889
6,Chris Paul  ,Boban  Marjanovic ,7,162,23.142857142857142,32.857142857142854
7,Chris Paul  ,Boban  Marjanovic ,8,183,22.875,32.975
8,Chris Paul  ,Boban  Marjanovic ,9,204,22.666666666666668,32.01666666666667
9,Chris Paul  ,Boban  Marjanovic ,10,210,21.0,30.190000000000005
0,Devin Vassell  ,Boban  Marjanovic ,1,1,1.0,28.58333333333333
1,Devin Vassell  ,Boban  Marjanovic ,2,30,15.0,31.166666666666664
2,Devin Vassell  ,Boban  Marjanovic ,3,58,19.333333333333332,32.18333333333333
3,Devin Vassell  ,Boban  Marjanovic ,4,88,22.0,32.44583333333333
4,Devin Vassell  ,Boban  Marjanovic ,5,119,23.8,31.0
5,Devin Vassell  ,Boban  Marjanovic ,6,146,24.333333333333332,29.947222222222223
6,Devin Vassell  ,Boban  Marjanovic ,7,160,22.857142857142858,30.542857142857144
7,Devin Vassell  ,Boban  Marjanovic ,8,183,22.875,31.6125
8,Devin Vassell  ,Boban  Marjanovic ,9,204,22.666666666666668,31.577777777777776
9,Devin Vassell  ,Boban  Marjanovic ,10,207,20.7,30.92833333333333
10,Devin Vassell  ,Boban  Marjanovic ,11,226,20.545454545454547,31.316666666666663
0,Wendell Carter Jr.  ,Boban  Marjanovic ,1,27,27.0,32.65
1,Wendell Carter Jr.  ,Boban  Marjanovic ,2,39,19.5,32.8
2,Wendell Carter Jr.  ,Boban  Marjanovic ,3,66,22.0,33.51111111111111
3,Wendell Carter Jr.  ,Boban  Marjanovic ,4,96,24.0,33.53333333333333
4,Wendell Carter Jr.  ,Boban  Marjanovic ,5,109,21.8,33.38666666666667
5,Wendell Carter Jr.  ,Boban  Marjanovic ,6,126,21.0,32.08888888888889
6,Wendell Carter Jr.  ,Boban  Marjanovic ,7,146,20.857142857142858,32.15952380952381
7,Wendell Carter Jr.  ,Boban  Marjanovic ,8,193,24.125,32.56875
8,Wendell Carter Jr.  ,Boban  Marjanovic ,9,213,23.666666666666668,32.65185185185185
9,Wendell Carter Jr.  ,Boban  Marjanovic ,10,240,24.0,33.275
10,Wendell Carter Jr.  ,Boban  Marjanovic ,11,257,23.363636363636363,32.73939393939394
11,Wendell Carter Jr.  ,Boban  Marjanovic ,12,283,23.583333333333332,32.86666666666667
12,Wendell Carter Jr.  ,Boban  Marjanovic ,13,315,24.23076923076923,32.83076923076923
13,Wendell Carter Jr.  ,Boban  Marjanovic ,14,342,24.428571428571427,32.760714285714286
0,Mikal Bridges  ,Boban  Marjanovic ,1,23,23.0,41.083333333333336
1,Mikal Bridges  ,Boban  Marjanovic ,2,42,21.0,39.38333333333333
2,Mikal Bridges  ,Boban  Marjanovic ,3,52,17.333333333333332,38.416666666666664
3,Mikal Bridges  ,Boban  Marjanovic ,4,78,19.5,37.0375
4,Mikal Bridges  ,Boban  Marjanovic ,5,114,22.8,35.85666666666667
5,Mikal Bridges  ,Boban  Marjanovic ,6,134,22.333333333333332,35.34722222222222
6,Mikal Bridges  ,Boban  Marjanovic ,7,159,22.714285714285715,35.7547619047619
7,Mikal Bridges  ,Boban  Marjanovic ,8,176,22.0,36.0
8,Mikal Bridges  ,Boban  Marjanovic ,9,189,21.0,35.0
9,Mikal Bridges  ,Boban  Marjanovic ,10,206,20.6,35.85166666666667
10,Mikal Bridges  ,Boban  Marjanovic ,11,248,22.545454545454547,36.43939393939394
11,Mikal Bridges  ,Boban  Marjanovic ,12,257,21.416666666666668,36.538888888888884
12,Mikal Bridges  ,Boban  Marjanovic ,13,274,21.076923076923077,36.7576923076923
0,Jerami Grant  ,Boban  Marjanovic ,1,27,27.0,35.333333333333336
1,Jerami Grant  ,Boban  Marjanovic ,2,36,18.0,37.71666666666667
2,Jerami Grant  ,Boban  Marjanovic ,3,50,16.666666666666668,36.711111111111116
3,Jerami Grant  ,Boban  Marjanovic ,4,68,17.0,36.40833333333333
4,Jerami Grant  ,Boban  Marjanovic ,5,75,15.0,34.763333333333335
5,Jerami Grant  ,Boban  Marjanovic ,6,94,15.666666666666666,34.80277777777778
6,Jerami Grant  ,Boban  Marjanovic ,7,113,16.142857142857142,35.3
7,Jerami Grant  ,Boban  Marjanovic ,8,140,17.5,35.725
8,Jerami Grant  ,Boban  Marjanovic ,9,154,17.11111111111111,34.64259259259259
9,Jerami Grant  ,Boban  Marjanovic ,10,182,18.2,34.67666666666667
10,Jerami Grant  ,Boban  Marjanovic ,11,216,19.636363636363637,35.33484848484849
11,Jerami Grant  ,Boban  Marjanovic ,12,257,21.416666666666668,35.64027777777778
12,Jerami Grant  ,Boban  Marjanovic ,13,291,22.384615384615383,35.77051282051282
0,Spencer Dinwiddie  ,Boban  Marjanovic ,1,17,17.0,27.516666666666666
1,Spencer Dinwiddie  ,Boban  Marjanovic ,2,29,14.5,27.941666666666666
2,Spencer Dinwiddie  ,Boban  Marjanovic ,3,54,18.0,31.288888888888888
3,Spencer Dinwiddie  ,Boban  Marjanovic ,4,71,17.75,30.375
4,Spencer Dinwiddie  ,Boban  Marjanovic ,5,90,18.0,31.389999999999997
5,Spencer Dinwiddie  ,Boban  Marjanovic ,6,105,17.5,31.411111111111108
6,Spencer Dinwiddie  ,Boban  Marjanovic ,7,129,18.428571428571427,31.947619047619042
7,Spencer Dinwiddie  ,Boban  Marjanovic ,8,152,19.0,32.70208333333333
8,Spencer Dinwiddie  ,Boban  Marjanovic ,9,154,17.11111111111111,32.16666666666666
9,Spencer Dinwiddie  ,Boban  Marjanovic ,10,187,18.7,32.699999999999996
10,Spencer Dinwiddie  ,Boban  Marjanovic ,11,231,21.0,33.14090909090908
11,Spencer Dinwiddie  ,Boban  Marjanovic ,12,265,22.083333333333332,33.0875
12,Spencer Dinwiddie  ,Boban  Marjanovic ,13,282,21.692307692307693,33.694871794871794
0,Domantas Sabonis  ,Harrisburg Frank,1,13,13.0,33.11666666666667
1,Domantas Sabonis  ,Harrisburg Frank,2,38,19.0,33.88333333333333
2,Domantas Sabonis  ,Harrisburg Frank,3,75,25.0,30.03888888888889
3,Domantas Sabonis  ,Harrisburg Frank,4,105,26.25,30.245833333333337
4,Domantas Sabonis  ,Harrisburg Frank,5,131,26.2,28.743333333333332
5,Domantas Sabonis  ,Harrisburg Frank,6,153,25.5,29.15833333333333
6,Domantas Sabonis  ,Harrisburg Frank,7,191,27.285714285714285,30.307142857142853
7,Domantas Sabonis  ,Harrisburg Frank,8,227,28.375,31.24583333333333
8,Domantas Sabonis  ,Harrisburg Frank,9,258,28.666666666666668,31.464814814814808
9,Domantas Sabonis  ,Harrisburg Frank,10,288,28.8,31.833333333333325
10,Domantas Sabonis  ,Harrisburg Frank,11,323,29.363636363636363,31.8090909090909
11,Domantas Sabonis  ,Harrisburg Frank,12,374,31.166666666666668,32.008333333333326
12,Domantas Sabonis  ,Harrisburg Frank,13,404,31.076923076923077,31.669230769230765
0,Trae Young  ,Harrisburg Frank,1,29,29.0,37.9
1,Trae Young  ,Harrisburg Frank,2,57,28.5,37.63333333333333
2,Trae Young  ,Harrisburg Frank,3,83,27.666666666666668,36.17777777777778
3,Trae Young  ,Harrisburg Frank,4,115,28.75,36.56666666666666
4,Trae Young  ,Harrisburg Frank,5,163,32.6,35.276666666666664
5,Trae Young  ,Harrisburg Frank,6,202,33.666666666666664,35.46944444444444
6,Trae Young  ,Harrisburg Frank,7,212,30.285714285714285,35.03809523809524
7,Trae Young  ,Harrisburg Frank,8,228,28.5,34.141666666666666
8,Trae Young  ,Harrisburg Frank,9,260,28.88888888888889,35.053703703703704
9,Trae Young  ,Harrisburg Frank,10,279,27.9,35.123333333333335
10,Trae Young  ,Harrisburg Frank,11,298,27.09090909090909,34.93636363636364
11,Trae Young  ,Harrisburg Frank,12,325,27.083333333333332,35.170833333333334
12,Trae Young  ,Harrisburg Frank,13,347,26.692307692307693,35.062820512820515
0,Devin Booker  ,Harrisburg Frank,1,31,31.0,40.61666666666667
1,Devin Booker  ,Harrisburg Frank,2,61,30.5,42.266666666666666
2,Devin Booker  ,Harrisburg Frank,3,96,32.0,39.78333333333333
3,Devin Booker  ,Harrisburg Frank,4,130,32.5,38.666666666666664
4,Devin Booker  ,Harrisburg Frank,5,142,28.4,37.45333333333333
5,Devin Booker  ,Harrisburg Frank,6,170,28.333333333333332,37.11111111111111
6,Devin Booker  ,Harrisburg Frank,7,188,26.857142857142858,36.15714285714286
7,Devin Booker  ,Harrisburg Frank,8,210,26.25,36.43333333333333
8,Devin Booker  ,Harrisburg Frank,9,233,25.88888888888889,35.62592592592593
9,Devin Booker  ,Harrisburg Frank,10,258,25.8,36.40333333333333
10,Devin Booker  ,Harrisburg Frank,11,304,27.636363636363637,36.563636363636355
11,Devin Booker  ,Harrisburg Frank,12,323,26.916666666666668,36.388888888888886
12,Devin Booker  ,Harrisburg Frank,13,353,27.153846153846153,36.787179487179486
0,Deandre Ayton  ,Harrisburg Frank,1,31,31.0,30.416666666666668
1,Deandre Ayton  ,Harrisburg Frank,2,53,26.5,34.449999999999996
2,Deandre Ayton  ,Harrisburg Frank,3,67,22.333333333333332,32.55
3,Deandre Ayton  ,Harrisburg Frank,4,95,23.75,30.679166666666664
4,Deandre Ayton  ,Harrisburg Frank,5,100,20.0,26.083333333333332
5,Deandre Ayton  ,Harrisburg Frank,6,127,21.166666666666668,26.652777777777775
6,Deandre Ayton  ,Harrisburg Frank,7,138,19.714285714285715,25.11428571428571
7,Deandre Ayton  ,Harrisburg Frank,8,156,19.5,25.799999999999997
8,Deandre Ayton  ,Harrisburg Frank,9,164,18.22222222222222,26.596296296296295
9,Deandre Ayton  ,Harrisburg Frank,10,181,18.1,26.575
10,Deandre Ayton  ,Harrisburg Frank,11,212,19.272727272727273,27.283333333333335
0,Dejounte Murray  ,Harrisburg Frank,1,37,37.0,38.23333333333333
1,Dejounte Murray  ,Harrisburg Frank,2,66,33.0,38.925
2,Dejounte Murray  ,Harrisburg Frank,3,90,30.0,38.88333333333333
3,Dejounte Murray  ,Harrisburg Frank,4,109,27.25,38.99166666666667
4,Dejounte Murray  ,Harrisburg Frank,5,137,27.4,37.67
5,Dejounte Murray  ,Harrisburg Frank,6,163,27.166666666666668,37.10277777777778
6,Dejounte Murray  ,Harrisburg Frank,7,186,26.571428571428573,36.16190476190476
7,Dejounte Murray  ,Harrisburg Frank,8,230,28.75,36.40416666666667
8,Dejounte Murray  ,Harrisburg Frank,9,275,30.555555555555557,37.00185185185185
9,Dejounte Murray  ,Harrisburg Frank,10,314,31.4,36.50666666666667
10,Dejounte Murray  ,Harrisburg Frank,11,340,30.90909090909091,36.625757575757575
11,Dejounte Murray  ,Harrisburg Frank,12,353,29.416666666666668,36.46527777777778
12,Dejounte Murray  ,Harrisburg Frank,13,380,29.23076923076923,36.607692307692304
13,Dejounte Murray  ,Harrisburg Frank,14,403,28.785714285714285,36.56547619047619
0,Darius Garland  ,Harrisburg Frank,1,0,0.0,13.3
1,Darius Garland  ,Harrisburg Frank,2,46,23.0,27.825000000000003
2,Darius Garland  ,Harrisburg Frank,3,68,22.666666666666668,31.533333333333335
3,Darius Garland  ,Harrisburg Frank,4,92,23.0,33.09583333333333
4,Darius Garland  ,Harrisburg Frank,5,94,18.8,33.19
5,Darius Garland  ,Harrisburg Frank,6,109,18.166666666666668,33.63611111111111
6,Darius Garland  ,Harrisburg Frank,7,159,22.714285714285715,34.547619047619044
0,Fred VanVleet  ,Harrisburg Frank,1,23,23.0,38.68333333333333
1,Fred VanVleet  ,Harrisburg Frank,2,62,31.0,38.3
2,Fred VanVleet  ,Harrisburg Frank,3,77,25.666666666666668,38.47222222222222
3,Fred VanVleet  ,Harrisburg Frank,4,106,26.5,38.65833333333333
4,Fred VanVleet  ,Harrisburg Frank,5,133,26.6,38.693333333333335
5,Fred VanVleet  ,Harrisburg Frank,6,129,21.5,37.94722222222222
6,Fred VanVleet  ,Harrisburg Frank,7,171,24.428571428571427,38.14523809523809
7,Fred VanVleet  ,Harrisburg Frank,8,204,25.5,37.672916666666666
8,Fred VanVleet  ,Harrisburg Frank,9,240,26.666666666666668,37.388888888888886
9,Fred VanVleet  ,Harrisburg Frank,10,252,25.2,36.50833333333333
0,Lauri Markkanen  ,Harrisburg Frank,1,23,23.0,33.05
1,Lauri Markkanen  ,Harrisburg Frank,2,59,29.5,36.09166666666667
2,Lauri Markkanen  ,Harrisburg Frank,3,104,34.666666666666664,37.15
3,Lauri Markkanen  ,Harrisburg Frank,4,109,27.25,35.5875
4,Lauri Markkanen  ,Harrisburg Frank,5,137,27.4,35.269999999999996
5,Lauri Markkanen  ,Harrisburg Frank,6,163,27.166666666666668,33.71388888888889
6,Lauri Markkanen  ,Harrisburg Frank,7,190,27.142857142857142,34.31666666666667
7,Lauri Markkanen  ,Harrisburg Frank,8,241,30.125,33.97291666666666
8,Lauri Markkanen  ,Harrisburg Frank,9,255,28.333333333333332,33.92407407407407
9,Lauri Markkanen  ,Harrisburg Frank,10,300,30.0,33.80166666666666
10,Lauri Markkanen  ,Harrisburg Frank,11,327,29.727272727272727,33.76060606060606
11,Lauri Markkanen  ,Harrisburg Frank,12,350,29.166666666666668,33.25833333333333
12,Lauri Markkanen  ,Harrisburg Frank,13,385,29.615384615384617,33.11153846153846
13,Lauri Markkanen  ,Harrisburg Frank,14,404,28.857142857142858,32.976190476190474
14,Lauri Markkanen  ,Harrisburg Frank,15,422,28.133333333333333,33.05333333333333
15,Lauri Markkanen  ,Harrisburg Frank,16,440,27.5,32.83333333333333
0,John Collins  ,Harrisburg Frank,1,31,31.0,33.65
1,John Collins  ,Harrisburg Frank,2,72,36.0,34.94166666666666
2,John Collins  ,Harrisburg Frank,3,93,31.0,36.12222222222221
3,John Collins  ,Harrisburg Frank,4,124,31.0,36.06666666666666
4,John Collins  ,Harrisburg Frank,5,139,27.8,33.88666666666666
5,John Collins  ,Harrisburg Frank,6,144,24.0,33.474999999999994
6,John Collins  ,Harrisburg Frank,7,168,24.0,32.92380952380952
7,John Collins  ,Harrisburg Frank,8,194,24.25,32.67083333333333
8,John Collins  ,Harrisburg Frank,9,207,23.0,33.02592592592592
9,John Collins  ,Harrisburg Frank,10,219,21.9,32.074999999999996
10,John Collins  ,Harrisburg Frank,11,240,21.818181818181817,31.728787878787873
11,John Collins  ,Harrisburg Frank,12,248,20.666666666666668,31.22916666666666
12,John Collins  ,Harrisburg Frank,13,257,19.76923076923077,31.4025641025641
13,John Collins  ,Harrisburg Frank,14,275,19.642857142857142,31.549999999999994
0,Kyle Lowry  ,Harrisburg Frank,1,3,3.0,34.65
1,Kyle Lowry  ,Harrisburg Frank,2,26,13.0,34.016666666666666
2,Kyle Lowry  ,Harrisburg Frank,3,46,15.333333333333334,35.09444444444444
3,Kyle Lowry  ,Harrisburg Frank,4,52,13.0,35.34583333333333
4,Kyle Lowry  ,Harrisburg Frank,5,77,15.4,33.56666666666666
5,Kyle Lowry  ,Harrisburg Frank,6,99,16.5,33.49444444444444
6,Kyle Lowry  ,Harrisburg Frank,7,121,17.285714285714285,33.961904761904755
7,Kyle Lowry  ,Harrisburg Frank,8,144,18.0,34.287499999999994
8,Kyle Lowry  ,Harrisburg Frank,9,172,19.11111111111111,34.69259259259259
9,Kyle Lowry  ,Harrisburg Frank,10,186,18.6,34.97666666666667
10,Kyle Lowry  ,Harrisburg Frank,11,214,19.454545454545453,34.95757575757575
11,Kyle Lowry  ,Harrisburg Frank,12,229,19.083333333333332,35.28055555555555
12,Kyle Lowry  ,Harrisburg Frank,13,257,19.76923076923077,35.01410256410256
13,Kyle Lowry  ,Harrisburg Frank,14,269,19.214285714285715,35.28214285714285
0,Isaiah Stewart  ,Harrisburg Frank,1,21,21.0,26.3
1,Isaiah Stewart  ,Harrisburg Frank,2,33,16.5,28.316666666666663
2,Isaiah Stewart  ,Harrisburg Frank,3,55,18.333333333333332,28.727777777777774
3,Isaiah Stewart  ,Harrisburg Frank,4,79,19.75,28.35833333333333
4,Isaiah Stewart  ,Harrisburg Frank,5,91,18.2,28.10333333333333
5,Isaiah Stewart  ,Harrisburg Frank,6,113,18.833333333333332,28.319444444444443
6,Isaiah Stewart  ,Harrisburg Frank,7,152,21.714285714285715,28.978571428571428
7,Isaiah Stewart  ,Harrisburg Frank,8,174,21.75,29.04375
8,Isaiah Stewart  ,Harrisburg Frank,9,204,22.666666666666668,29.42777777777778
9,Isaiah Stewart  ,Harrisburg Frank,10,214,21.4,28.85166666666667
10,Isaiah Stewart  ,Harrisburg Frank,11,242,22.0,28.633333333333336
11,Isaiah Stewart  ,Harrisburg Frank,12,266,22.166666666666668,27.95416666666667
12,Isaiah Stewart  ,Harrisburg Frank,13,288,22.153846153846153,28.071794871794875
13,Isaiah Stewart  ,Harrisburg Frank,14,304,21.714285714285715,28.132142857142863
14,Isaiah Stewart  ,Harrisburg Frank,15,315,21.0,27.101111111111116
0,Kelly Oubre Jr.  ,Harrisburg Frank,1,17,17.0,22.633333333333333
1,Kelly Oubre Jr.  ,Harrisburg Frank,2,31,15.5,26.416666666666664
2,Kelly Oubre Jr.  ,Harrisburg Frank,3,62,20.666666666666668,28.444444444444443
3,Kelly Oubre Jr.  ,Harrisburg Frank,4,74,18.5,30.133333333333333
4,Kelly Oubre Jr.  ,Harrisburg Frank,5,78,15.6,28.476666666666667
5,Kelly Oubre Jr.  ,Harrisburg Frank,6,98,16.333333333333332,30.10833333333333
6,Kelly Oubre Jr.  ,Harrisburg Frank,7,116,16.571428571428573,29.380952380952376
7,Kelly Oubre Jr.  ,Harrisburg Frank,8,145,18.125,29.462499999999995
8,Kelly Oubre Jr.  ,Harrisburg Frank,9,158,17.555555555555557,28.922222222222217
9,Kelly Oubre Jr.  ,Harrisburg Frank,10,168,16.8,29.139999999999997
10,Kelly Oubre Jr.  ,Harrisburg Frank,11,177,16.09090909090909,29.101515151515148
11,Kelly Oubre Jr.  ,Harrisburg Frank,12,189,15.75,29.66666666666666
12,Kelly Oubre Jr.  ,Harrisburg Frank,13,225,17.307692307692307,30.36410256410256
13,Kelly Oubre Jr.  ,Harrisburg Frank,14,247,17.642857142857142,30.605952380952377
14,Kelly Oubre Jr.  ,Harrisburg Frank,15,258,17.2,30.819999999999997
0,Giannis Antetokounmpo  ,Bob Bill's Boys,1,41,41.0,36.083333333333336
1,Giannis Antetokounmpo  ,Bob Bill's Boys,2,94,47.0,31.858333333333334
2,Giannis Antetokounmpo  ,Bob Bill's Boys,3,146,48.666666666666664,33.861111111111114
3,Giannis Antetokounmpo  ,Bob Bill's Boys,4,190,47.5,35.125
4,Giannis Antetokounmpo  ,Bob Bill's Boys,5,231,46.2,34.623333333333335
5,Giannis Antetokounmpo  ,Bob Bill's Boys,6,256,42.666666666666664,34.141666666666666
6,Giannis Antetokounmpo  ,Bob Bill's Boys,7,300,42.857142857142854,33.48095238095238
7,Giannis Antetokounmpo  ,Bob Bill's Boys,8,344,43.0,33.49375
8,Giannis Antetokounmpo  ,Bob Bill's Boys,9,364,40.44444444444444,32.74814814814815
9,Giannis Antetokounmpo  ,Bob Bill's Boys,10,376,37.6,32.565000000000005
0,James Harden  ,Bob Bill's Boys,1,47,47.0,37.28333333333333
1,James Harden  ,Bob Bill's Boys,2,86,43.0,38.80833333333334
2,James Harden  ,Bob Bill's Boys,3,111,37.0,39.30555555555556
3,James Harden  ,Bob Bill's Boys,4,163,40.75,38.141666666666666
4,James Harden  ,Bob Bill's Boys,5,190,38.0,37.64333333333333
5,James Harden  ,Bob Bill's Boys,6,201,33.5,36.98888888888889
6,James Harden  ,Bob Bill's Boys,7,226,32.285714285714285,36.84761904761905
7,James Harden  ,Bob Bill's Boys,8,268,33.5,36.94375
8,James Harden  ,Bob Bill's Boys,9,302,33.55555555555556,36.73518518518519
0,Jonas Valanciunas  ,Bob Bill's Boys,1,29,29.0,26.616666666666667
1,Jonas Valanciunas  ,Bob Bill's Boys,2,83,41.5,28.03333333333333
2,Jonas Valanciunas  ,Bob Bill's Boys,3,92,30.666666666666668,26.83888888888889
3,Jonas Valanciunas  ,Bob Bill's Boys,4,110,27.5,25.704166666666666
4,Jonas Valanciunas  ,Bob Bill's Boys,5,146,29.2,26.82
5,Jonas Valanciunas  ,Bob Bill's Boys,6,164,27.333333333333332,26.33611111111111
6,Jonas Valanciunas  ,Bob Bill's Boys,7,175,25.0,25.676190476190474
7,Jonas Valanciunas  ,Bob Bill's Boys,8,185,23.125,24.897916666666664
8,Jonas Valanciunas  ,Bob Bill's Boys,9,213,23.666666666666668,24.98148148148148
9,Jonas Valanciunas  ,Bob Bill's Boys,10,234,23.4,24.665
10,Jonas Valanciunas  ,Bob Bill's Boys,11,269,24.454545454545453,25.116666666666664
11,Jonas Valanciunas  ,Bob Bill's Boys,12,283,23.583333333333332,24.659722222222218
12,Jonas Valanciunas  ,Bob Bill's Boys,13,291,22.384615384615383,24.321794871794868
13,Jonas Valanciunas  ,Bob Bill's Boys,14,291,20.785714285714285,23.56190476190476
0,Shai Gilgeous-Alexander  ,Bob Bill's Boys,1,37,37.0,36.78333333333333
1,Shai Gilgeous-Alexander  ,Bob Bill's Boys,2,59,29.5,35.358333333333334
2,Shai Gilgeous-Alexander  ,Bob Bill's Boys,3,100,33.333333333333336,35.81666666666666
3,Shai Gilgeous-Alexander  ,Bob Bill's Boys,4,124,31.0,35.36666666666666
4,Shai Gilgeous-Alexander  ,Bob Bill's Boys,5,165,33.0,36.559999999999995
5,Shai Gilgeous-Alexander  ,Bob Bill's Boys,6,202,33.666666666666664,35.949999999999996
6,Shai Gilgeous-Alexander  ,Bob Bill's Boys,7,240,34.285714285714285,35.84285714285714
7,Shai Gilgeous-Alexander  ,Bob Bill's Boys,8,252,31.5,35.33333333333333
8,Shai Gilgeous-Alexander  ,Bob Bill's Boys,9,291,32.333333333333336,35.629629629629626
9,Shai Gilgeous-Alexander  ,Bob Bill's Boys,10,324,32.4,36.675
10,Shai Gilgeous-Alexander  ,Bob Bill's Boys,11,346,31.454545454545453,35.89090909090908
11,Shai Gilgeous-Alexander  ,Bob Bill's Boys,12,387,32.25,35.916666666666664
12,Shai Gilgeous-Alexander  ,Bob Bill's Boys,13,424,32.61538461538461,35.921794871794866
0,DeMar DeRozan  ,Bob Bill's Boys,1,44,44.0,36.13333333333333
1,DeMar DeRozan  ,Bob Bill's Boys,2,73,36.5,36.45833333333333
2,DeMar DeRozan  ,Bob Bill's Boys,3,85,28.333333333333332,35.14444444444444
3,DeMar DeRozan  ,Bob Bill's Boys,4,111,27.75,34.545833333333334
4,DeMar DeRozan  ,Bob Bill's Boys,5,124,24.8,34.093333333333334
5,DeMar DeRozan  ,Bob Bill's Boys,6,150,25.0,34.33611111111111
6,DeMar DeRozan  ,Bob Bill's Boys,7,172,24.571428571428573,34.32380952380952
7,DeMar DeRozan  ,Bob Bill's Boys,8,187,23.375,34.12708333333333
8,DeMar DeRozan  ,Bob Bill's Boys,9,197,21.88888888888889,33.477777777777774
9,DeMar DeRozan  ,Bob Bill's Boys,10,240,24.0,33.71666666666666
10,DeMar DeRozan  ,Bob Bill's Boys,11,262,23.818181818181817,34.059090909090905
11,DeMar DeRozan  ,Bob Bill's Boys,12,278,23.166666666666668,34.19027777777777
12,DeMar DeRozan  ,Bob Bill's Boys,13,303,23.307692307692307,34.378205128205124
13,DeMar DeRozan  ,Bob Bill's Boys,14,319,22.785714285714285,33.75595238095238
0,Jarrett Allen  ,Bob Bill's Boys,1,25,25.0,33.86666666666667
1,Jarrett Allen  ,Bob Bill's Boys,2,38,19.0,31.233333333333334
2,Jarrett Allen  ,Bob Bill's Boys,3,69,23.0,33.32222222222222
3,Jarrett Allen  ,Bob Bill's Boys,4,105,26.25,32.40416666666667
4,Jarrett Allen  ,Bob Bill's Boys,5,129,25.8,33.85333333333334
5,Jarrett Allen  ,Bob Bill's Boys,6,142,23.666666666666668,32.51388888888889
6,Jarrett Allen  ,Bob Bill's Boys,7,169,24.142857142857142,33.06666666666667
7,Jarrett Allen  ,Bob Bill's Boys,8,191,23.875,32.87291666666667
8,Jarrett Allen  ,Bob Bill's Boys,9,218,24.22222222222222,32.303703703703704
9,Jarrett Allen  ,Bob Bill's Boys,10,253,25.3,32.36
10,Jarrett Allen  ,Bob Bill's Boys,11,276,25.09090909090909,32.403030303030306
11,Jarrett Allen  ,Bob Bill's Boys,12,294,24.5,32.46944444444444
0,Tyrese Maxey  ,Bob Bill's Boys,1,19,19.0,38.18333333333333
1,Tyrese Maxey  ,Bob Bill's Boys,2,27,13.5,36.175
2,Tyrese Maxey  ,Bob Bill's Boys,3,49,16.333333333333332,37.327777777777776
3,Tyrese Maxey  ,Bob Bill's Boys,4,55,13.75,37.44166666666666
4,Tyrese Maxey  ,Bob Bill's Boys,5,90,18.0,38.599999999999994
5,Tyrese Maxey  ,Bob Bill's Boys,6,148,24.666666666666668,38.80277777777777
6,Tyrese Maxey  ,Bob Bill's Boys,7,161,23.0,37.442857142857136
7,Tyrese Maxey  ,Bob Bill's Boys,8,185,23.125,37.06458333333333
8,Tyrese Maxey  ,Bob Bill's Boys,9,216,24.0,37.74074074074073
9,Tyrese Maxey  ,Bob Bill's Boys,10,239,23.9,37.87166666666666
10,Tyrese Maxey  ,Bob Bill's Boys,11,243,22.09090909090909,38.095454545454544
11,Tyrese Maxey  ,Bob Bill's Boys,12,255,21.25,37.69305555555555
12,Tyrese Maxey  ,Bob Bill's Boys,13,284,21.846153846153847,37.55641025641025
13,Tyrese Maxey  ,Bob Bill's Boys,14,298,21.285714285714285,37.49523809523809
0,Clint Capela  ,Bob Bill's Boys,1,9,9.0,26.05
1,Clint Capela  ,Bob Bill's Boys,2,25,12.5,28.833333333333336
2,Clint Capela  ,Bob Bill's Boys,3,54,18.0,26.872222222222224
3,Clint Capela  ,Bob Bill's Boys,4,71,17.75,26.762500000000003
4,Clint Capela  ,Bob Bill's Boys,5,83,16.6,26.09666666666667
5,Clint Capela  ,Bob Bill's Boys,6,107,17.833333333333332,26.544444444444448
6,Clint Capela  ,Bob Bill's Boys,7,121,17.285714285714285,26.383333333333333
7,Clint Capela  ,Bob Bill's Boys,8,136,17.0,26.233333333333334
8,Clint Capela  ,Bob Bill's Boys,9,180,20.0,27.20740740740741
9,Clint Capela  ,Bob Bill's Boys,10,193,19.3,26.701666666666664
10,Clint Capela  ,Bob Bill's Boys,11,227,20.636363636363637,26.654545454545453
11,Clint Capela  ,Bob Bill's Boys,12,264,22.0,26.630555555555556
12,Clint Capela  ,Bob Bill's Boys,13,292,22.46153846153846,27.129487179487178
13,Clint Capela  ,Bob Bill's Boys,14,324,23.142857142857142,27.33452380952381
0,Andrew Wiggins  ,Bob Bill's Boys,1,29,29.0,29.466666666666665
1,Andrew Wiggins  ,Bob Bill's Boys,2,58,29.0,33.44166666666666
2,Andrew Wiggins  ,Bob Bill's Boys,3,85,28.333333333333332,32.794444444444444
3,Andrew Wiggins  ,Bob Bill's Boys,4,104,26.0,32.42916666666666
4,Andrew Wiggins  ,Bob Bill's Boys,5,136,27.2,33.279999999999994
5,Andrew Wiggins  ,Bob Bill's Boys,6,150,25.0,34.544444444444444
6,Andrew Wiggins  ,Bob Bill's Boys,7,155,22.142857142857142,33.19523809523809
7,Andrew Wiggins  ,Bob Bill's Boys,8,185,23.125,33.37708333333333
8,Andrew Wiggins  ,Bob Bill's Boys,9,199,22.11111111111111,33.32962962962963
9,Andrew Wiggins  ,Bob Bill's Boys,10,236,23.6,34.019999999999996
10,Andrew Wiggins  ,Bob Bill's Boys,11,258,23.454545454545453,34.25757575757576
11,Andrew Wiggins  ,Bob Bill's Boys,12,286,23.833333333333332,34.262499999999996
12,Andrew Wiggins  ,Bob Bill's Boys,13,296,22.76923076923077,33.421794871794866
0,Jordan Clarkson  ,Bob Bill's Boys,1,8,8.0,29.55
1,Jordan Clarkson  ,Bob Bill's Boys,2,47,23.5,32.21666666666667
2,Jordan Clarkson  ,Bob Bill's Boys,3,60,20.0,33.72222222222222
3,Jordan Clarkson  ,Bob Bill's Boys,4,78,19.5,32.3375
4,Jordan Clarkson  ,Bob Bill's Boys,5,108,21.6,31.65333333333333
5,Jordan Clarkson  ,Bob Bill's Boys,6,114,19.0,30.10833333333333
6,Jordan Clarkson  ,Bob Bill's Boys,7,135,19.285714285714285,30.485714285714284
7,Jordan Clarkson  ,Bob Bill's Boys,8,148,18.5,30.841666666666665
8,Jordan Clarkson  ,Bob Bill's Boys,9,173,19.22222222222222,31.118518518518517
9,Jordan Clarkson  ,Bob Bill's Boys,10,195,19.5,30.936666666666667
10,Jordan Clarkson  ,Bob Bill's Boys,11,221,20.09090909090909,30.865151515151513
11,Jordan Clarkson  ,Bob Bill's Boys,12,250,20.833333333333332,30.680555555555554
12,Jordan Clarkson  ,Bob Bill's Boys,13,271,20.846153846153847,31.00128205128205
13,Jordan Clarkson  ,Bob Bill's Boys,14,280,20.0,30.583333333333332
14,Jordan Clarkson  ,Bob Bill's Boys,15,292,19.466666666666665,30.348888888888887
15,Jordan Clarkson  ,Bob Bill's Boys,16,301,18.8125,30.547916666666666
0,Mike Conley  ,Bob Bill's Boys,1,20,20.0,32.03333333333333
1,Mike Conley  ,Bob Bill's Boys,2,43,21.5,34.125
2,Mike Conley  ,Bob Bill's Boys,3,52,17.333333333333332,34.85
3,Mike Conley  ,Bob Bill's Boys,4,66,16.5,32.9625
4,Mike Conley  ,Bob Bill's Boys,5,79,15.8,31.923333333333336
5,Mike Conley  ,Bob Bill's Boys,6,101,16.833333333333332,30.51388888888889
6,Mike Conley  ,Bob Bill's Boys,7,125,17.857142857142858,30.47857142857143
7,Mike Conley  ,Bob Bill's Boys,8,139,17.375,30.76666666666667
8,Mike Conley  ,Bob Bill's Boys,9,167,18.555555555555557,30.829629629629633
9,Mike Conley  ,Bob Bill's Boys,10,192,19.2,31.045000000000005
10,Mike Conley  ,Bob Bill's Boys,11,224,20.363636363636363,30.383333333333336
11,Mike Conley  ,Bob Bill's Boys,12,239,19.916666666666668,30.244444444444444
12,Mike Conley  ,Bob Bill's Boys,13,247,19.0,30.201282051282053
13,Mike Conley  ,Bob Bill's Boys,14,251,17.928571428571427,30.29642857142857
14,Mike Conley  ,Bob Bill's Boys,15,269,17.933333333333334,30.535555555555554
0,Jayson Tatum  ,Injured or Suspended,1,48,48.0,38.63333333333333
1,Jayson Tatum  ,Injured or Suspended,2,77,38.5,37.70833333333333
2,Jayson Tatum  ,Injured or Suspended,3,124,41.333333333333336,37.68888888888889
3,Jayson Tatum  ,Injured or Suspended,4,156,39.0,37.125
4,Jayson Tatum  ,Injured or Suspended,5,191,38.2,38.13666666666667
5,Jayson Tatum  ,Injured or Suspended,6,216,36.0,36.35
6,Jayson Tatum  ,Injured or Suspended,7,253,36.142857142857146,37.28095238095238
7,Jayson Tatum  ,Injured or Suspended,8,298,37.25,37.62708333333333
8,Jayson Tatum  ,Injured or Suspended,9,330,36.666666666666664,37.5037037037037
9,Jayson Tatum  ,Injured or Suspended,10,360,36.0,37.71166666666666
10,Jayson Tatum  ,Injured or Suspended,11,392,35.63636363636363,37.15454545454545
11,Jayson Tatum  ,Injured or Suspended,12,429,35.75,37.16805555555555
12,Jayson Tatum  ,Injured or Suspended,13,480,36.92307692307692,37.46282051282051
13,Jayson Tatum  ,Injured or Suspended,14,513,36.642857142857146,37.50119047619047
0,LaMelo Ball  ,Injured or Suspended,1,16,16.0,28.2
1,LaMelo Ball  ,Injured or Suspended,2,33,16.5,30.93333333333333
0,Julius Randle  ,Injured or Suspended,1,39,39.0,34.916666666666664
1,Julius Randle  ,Injured or Suspended,2,54,27.0,30.18333333333333
2,Julius Randle  ,Injured or Suspended,3,90,30.0,31.49444444444444
3,Julius Randle  ,Injured or Suspended,4,104,26.0,33.579166666666666
4,Julius Randle  ,Injured or Suspended,5,127,25.4,33.11
5,Julius Randle  ,Injured or Suspended,6,143,23.833333333333332,33.05833333333333
6,Julius Randle  ,Injured or Suspended,7,151,21.571428571428573,32.55714285714286
7,Julius Randle  ,Injured or Suspended,8,176,22.0,33.06458333333333
8,Julius Randle  ,Injured or Suspended,9,207,23.0,33.846296296296295
9,Julius Randle  ,Injured or Suspended,10,244,24.4,33.71333333333333
10,Julius Randle  ,Injured or Suspended,11,276,25.09090909090909,33.49090909090909
11,Julius Randle  ,Injured or Suspended,12,298,24.833333333333332,33.44861111111111
12,Julius Randle  ,Injured or Suspended,13,333,25.615384615384617,33.43333333333333
13,Julius Randle  ,Injured or Suspended,14,347,24.785714285714285,33.275
0,Zion Williamson  ,Injured or Suspended,1,27,27.0,30.05
1,Zion Williamson  ,Injured or Suspended,2,35,17.5,30.383333333333333
2,Zion Williamson  ,Injured or Suspended,3,59,19.666666666666668,30.21666666666667
3,Zion Williamson  ,Injured or Suspended,4,95,23.75,30.295833333333334
4,Zion Williamson  ,Injured or Suspended,5,118,23.6,31.556666666666665
5,Zion Williamson  ,Injured or Suspended,6,131,21.833333333333332,30.95
6,Zion Williamson  ,Injured or Suspended,7,153,21.857142857142858,31.852380952380948
7,Zion Williamson  ,Injured or Suspended,8,190,23.75,32.11875
8,Zion Williamson  ,Injured or Suspended,9,208,23.11111111111111,31.97592592592592
9,Zion Williamson  ,Injured or Suspended,10,235,23.5,31.945
10,Zion Williamson  ,Injured or Suspended,11,266,24.181818181818183,32.22575757575758
0,Kyrie Irving  ,Injured or Suspended,1,9,9.0,34.166666666666664
1,Kyrie Irving  ,Injured or Suspended,2,38,19.0,37.36666666666667
2,Kyrie Irving  ,Injured or Suspended,3,80,26.666666666666668,37.81666666666667
3,Kyrie Irving  ,Injured or Suspended,4,104,26.0,38.108333333333334
4,Kyrie Irving  ,Injured or Suspended,5,146,29.2,38.9
5,Kyrie Irving  ,Injured or Suspended,6,182,30.333333333333332,39.00277777777777
6,Kyrie Irving  ,Injured or Suspended,7,217,31.0,39.53095238095238
7,Kyrie Irving  ,Injured or Suspended,8,222,27.75,38.68541666666666
0,Kawhi Leonard  ,Injured or Suspended,1,16,16.0,21.28333333333333
1,Kawhi Leonard  ,Injured or Suspended,2,31,15.5,20.991666666666667
0,Jusuf Nurkic  ,Injured or Suspended,1,8,8.0,25.183333333333334
1,Jusuf Nurkic  ,Injured or Suspended,2,46,23.0,30.166666666666664
2,Jusuf Nurkic  ,Injured or Suspended,3,65,21.666666666666668,30.11111111111111
3,Jusuf Nurkic  ,Injured or Suspended,4,92,23.0,31.445833333333333
4,Jusuf Nurkic  ,Injured or Suspended,5,104,20.8,30.306666666666665
5,Jusuf Nurkic  ,Injured or Suspended,6,148,24.666666666666668,30.619444444444444
6,Jusuf Nurkic  ,Injured or Suspended,7,188,26.857142857142858,31.207142857142856
7,Jusuf Nurkic  ,Injured or Suspended,8,207,25.875,30.393749999999997
8,Jusuf Nurkic  ,Injured or Suspended,9,215,23.88888888888889,29.54444444444444
9,Jusuf Nurkic  ,Injured or Suspended,10,232,23.2,29.454999999999995
10,Jusuf Nurkic  ,Injured or Suspended,11,240,21.818181818181817,28.140909090909087
0,Kristaps Porzingis  ,Injured or Suspended,1,23,23.0,31.78333333333333
1,Kristaps Porzingis  ,Injured or Suspended,2,39,19.5,30.291666666666664
2,Kristaps Porzingis  ,Injured or Suspended,3,70,23.333333333333332,32.83888888888888
3,Kristaps Porzingis  ,Injured or Suspended,4,93,23.25,30.954166666666662
4,Kristaps Porzingis  ,Injured or Suspended,5,116,23.2,30.949999999999996
5,Kristaps Porzingis  ,Injured or Suspended,6,142,23.666666666666668,30.44444444444444
6,Kristaps Porzingis  ,Injured or Suspended,7,184,26.285714285714285,31.04761904761904
7,Kristaps Porzingis  ,Injured or Suspended,8,226,28.25,31.46666666666666
8,Kristaps Porzingis  ,Injured or Suspended,9,248,27.555555555555557,30.82407407407407
9,Kristaps Porzingis  ,Injured or Suspended,10,255,25.5,30.829999999999995
10,Kristaps Porzingis  ,Injured or Suspended,11,278,25.272727272727273,30.824242424242417
11,Kristaps Porzingis  ,Injured or Suspended,12,322,26.833333333333332,30.972222222222218
12,Kristaps Porzingis  ,Injured or Suspended,13,354,27.23076923076923,31.00384615384615
0,Kevin Porter Jr.  ,Injured or Suspended,1,26,26.0,33.95
1,Kevin Porter Jr.  ,Injured or Suspended,2,42,21.0,34.55833333333334
2,Kevin Porter Jr.  ,Injured or Suspended,3,63,21.0,34.28333333333334
3,Kevin Porter Jr.  ,Injured or Suspended,4,97,24.25,34.391666666666666
4,Kevin Porter Jr.  ,Injured or Suspended,5,116,23.2,34.589999999999996
5,Kevin Porter Jr.  ,Injured or Suspended,6,132,22.0,34.577777777777776
6,Kevin Porter Jr.  ,Injured or Suspended,7,160,22.857142857142858,34.56428571428571
7,Kevin Porter Jr.  ,Injured or Suspended,8,176,22.0,34.479166666666664
8,Kevin Porter Jr.  ,Injured or Suspended,9,195,21.666666666666668,34.89074074074074
9,Kevin Porter Jr.  ,Injured or Suspended,10,205,20.5,34.321666666666665
10,Kevin Porter Jr.  ,Injured or Suspended,11,237,21.545454545454547,34.65151515151515
11,Kevin Porter Jr.  ,Injured or Suspended,12,256,21.333333333333332,35.134722222222216
12,Kevin Porter Jr.  ,Injured or Suspended,13,270,20.76923076923077,35.01153846153846
13,Kevin Porter Jr.  ,Injured or Suspended,14,282,20.142857142857142,34.76904761904762
0,Myles Turner  ,Injured or Suspended,1,10,10.0,24.3
1,Myles Turner  ,Injured or Suspended,2,53,26.5,28.325000000000003
2,Myles Turner  ,Injured or Suspended,3,56,18.666666666666668,25.61666666666667
3,Myles Turner  ,Injured or Suspended,4,77,19.25,27.070833333333336
4,Myles Turner  ,Injured or Suspended,5,131,26.2,28.98
5,Myles Turner  ,Injured or Suspended,6,160,26.666666666666668,28.430555555555557
6,Myles Turner  ,Injured or Suspended,7,193,27.571428571428573,28.22142857142857
0,Jaden Ivey  ,Injured or Suspended,1,22,22.0,31.73333333333333
1,Jaden Ivey  ,Injured or Suspended,2,41,20.5,30.4
2,Jaden Ivey  ,Injured or Suspended,3,66,22.0,31.755555555555556
3,Jaden Ivey  ,Injured or Suspended,4,78,19.5,31.025
4,Jaden Ivey  ,Injured or Suspended,5,87,17.4,29.496666666666663
5,Jaden Ivey  ,Injured or Suspended,6,103,17.166666666666668,29.827777777777772
6,Jaden Ivey  ,Injured or Suspended,7,119,17.0,31.319047619047613
7,Jaden Ivey  ,Injured or Suspended,8,124,15.5,31.18541666666666
8,Jaden Ivey  ,Injured or Suspended,9,141,15.666666666666666,31.518518518518515
9,Jaden Ivey  ,Injured or Suspended,10,174,17.4,31.751666666666665
10,Jaden Ivey  ,Injured or Suspended,11,209,19.0,31.718181818181815
11,Jaden Ivey  ,Injured or Suspended,12,214,17.833333333333332,31.161111111111108
12,Jaden Ivey  ,Injured or Suspended,13,240,18.46153846153846,31.39230769230769
13,Jaden Ivey  ,Injured or Suspended,14,259,18.5,31.597619047619045
0,Kevin Love  ,Injured or Suspended,1,14,14.0,20.9
1,Kevin Love  ,Injured or Suspended,2,52,26.0,21.866666666666664
2,Kevin Love  ,Injured or Suspended,3,60,20.0,19.366666666666664
3,Kevin Love  ,Injured or Suspended,4,68,17.0,19.270833333333332
4,Kevin Love  ,Injured or Suspended,5,78,15.6,19.593333333333334
5,Kevin Love  ,Injured or Suspended,6,118,19.666666666666668,20.075
6,Kevin Love  ,Injured or Suspended,7,121,17.285714285714285,19.28809523809524
7,Kevin Love  ,Injured or Suspended,8,165,20.625,19.806250000000002
8,Kevin Love  ,Injured or Suspended,9,187,20.77777777777778,19.835185185185185
9,Kevin Love  ,Injured or Suspended,10,213,21.3,20.360000000000003
10,Kevin Love  ,Injured or Suspended,11,228,20.727272727272727,20.431818181818183
11,Kevin Love  ,Injured or Suspended,12,240,20.0,20.563888888888894
12,Kevin Love  ,Injured or Suspended,13,257,19.76923076923077,21.223076923076924
0,Caris LeVert  ,Injured or Suspended,1,18,18.0,34.68333333333333
1,Caris LeVert  ,Injured or Suspended,2,38,19.0,34.06666666666666
2,Caris LeVert  ,Injured or Suspended,3,47,15.666666666666666,34.67777777777778
3,Caris LeVert  ,Injured or Suspended,4,54,13.5,34.36666666666667
4,Caris LeVert  ,Injured or Suspended,5,103,20.6,36.05333333333333
5,Caris LeVert  ,Injured or Suspended,6,103,17.166666666666668,34.92222222222222
6,Caris LeVert  ,Injured or Suspended,7,122,17.428571428571427,36.52380952380952
7,Caris LeVert  ,Injured or Suspended,8,144,18.0,35.73541666666666
8,Caris LeVert  ,Injured or Suspended,9,158,17.555555555555557,35.04999999999999
9,Caris LeVert  ,Injured or Suspended,10,166,16.6,35.18499999999999
10,Caris LeVert  ,Injured or Suspended,11,197,17.90909090909091,35.47272727272727
11,Caris LeVert  ,Injured or Suspended,12,204,17.0,35.322222222222216
12,Caris LeVert  ,Injured or Suspended,13,221,17.0,34.72692307692307
0,Aaron Gordon  ,Injured or Suspended,1,33,33.0,32.96666666666667
1,Aaron Gordon  ,Injured or Suspended,2,39,19.5,30.875
2,Aaron Gordon  ,Injured or Suspended,3,58,19.333333333333332,30.03888888888889
3,Aaron Gordon  ,Injured or Suspended,4,86,21.5,29.433333333333337
4,Aaron Gordon  ,Injured or Suspended,5,100,20.0,29.24666666666667
5,Aaron Gordon  ,Injured or Suspended,6,100,16.666666666666668,27.925
6,Aaron Gordon  ,Injured or Suspended,7,123,17.571428571428573,28.31904761904762
7,Aaron Gordon  ,Injured or Suspended,8,158,19.75,29.220833333333335
8,Aaron Gordon  ,Injured or Suspended,9,170,18.88888888888889,28.479629629629628
9,Aaron Gordon  ,Injured or Suspended,10,190,19.0,28.601666666666667
10,Aaron Gordon  ,Injured or Suspended,11,228,20.727272727272727,29.127272727272725
11,Aaron Gordon  ,Injured or Suspended,12,249,20.75,29.23333333333333
12,Aaron Gordon  ,Injured or Suspended,13,265,20.384615384615383,28.98333333333333
