Name,Week,Tm,FPoints
Aaron Gordon  ,0.0,DEN,58
Aaron Gordon  ,1.0,DEN,65
Aaron Gordon  ,2.0,DEN,47
Aaron Gordon  ,3.0,DEN,95
Aaron Holiday  ,0.0,ATL,9
Aaron Holiday  ,1.0,ATL,38
Aaron Holiday  ,2.0,ATL,18
Aaron Holiday  ,3.0,ATL,18
Aaron Holiday  ,4.0,ATL,7
Aaron Nesmith  ,0.0,IND,21
Aaron Nesmith  ,1.0,IND,42
Aaron Nesmith  ,3.0,IND,15
Aaron Wiggins  ,0.0,OKC,17
Aaron Wiggins  ,1.0,OKC,50
Aaron Wiggins  ,2.0,OKC,0
Aaron Wiggins  ,3.0,OKC,35
Aaron Wiggins  ,4.0,OKC,6
Admiral Schofield  ,1.0,ORL,14
Admiral Schofield  ,2.0,ORL,0
Admiral Schofield  ,3.0,ORL,10
Al Horford  ,0.0,BOS,22
Al Horford  ,1.0,BOS,42
Al Horford  ,2.0,BOS,43
Al Horford  ,3.0,BOS,81
Al Horford  ,4.0,BOS,27
Alec Burks  ,3.0,DET,12
Alec Burks  ,4.0,DET,17
Aleksej Pokusevski  ,0.0,OKC,15
Aleksej Pokusevski  ,1.0,OKC,30
Aleksej Pokusevski  ,2.0,OKC,36
Aleksej Pokusevski  ,3.0,OKC,67
Aleksej Pokusevski  ,4.0,OKC,37
Alex Caruso  ,0.0,CHI,14
Alex Caruso  ,1.0,CHI,59
Alex Caruso  ,2.0,CHI,48
Alex Caruso  ,3.0,CHI,21
Alex Len  ,1.0,SAC,2
Alex Len  ,2.0,SAC,-1
Alex Len  ,4.0,SAC,5
Alperen Sengun  ,0.0,HOU,64
Alperen Sengun  ,1.0,HOU,51
Alperen Sengun  ,2.0,HOU,86
Alperen Sengun  ,3.0,HOU,60
Alperen Sengun  ,4.0,HOU,10
Amir Coffey  ,0.0,LAC,3
Amir Coffey  ,1.0,LAC,12
Amir Coffey  ,2.0,LAC,12
Amir Coffey  ,3.0,LAC,1
Amir Coffey  ,4.0,LAC,2
Andre Drummond  ,0.0,CHI,39
Andre Drummond  ,1.0,CHI,65
Andre Drummond  ,3.0,CHI,32
Andrew Nembhard  ,0.0,IND,28
Andrew Nembhard  ,1.0,IND,30
Andrew Nembhard  ,2.0,IND,7
Andrew Nembhard  ,3.0,IND,44
Andrew Wiggins  ,0.0,GSW,170
Andrew Wiggins  ,1.0,GSW,140
Andrew Wiggins  ,2.0,GSW,88
Andrew Wiggins  ,3.0,GSW,174
Andrew Wiggins  ,4.0,GSW,20
Anfernee Simons  ,0.0,POR,26
Anfernee Simons  ,1.0,POR,86
Anfernee Simons  ,2.0,POR,30
Anfernee Simons  ,3.0,POR,85
Anfernee Simons  ,4.0,POR,23
Anthony Davis  ,0.0,LAL,430
Anthony Davis  ,1.0,LAL,390
Anthony Davis  ,2.0,LAL,485
Anthony Davis  ,3.0,LAL,695
Anthony Edwards  ,0.0,MIN,222
Anthony Edwards  ,1.0,MIN,264
Anthony Edwards  ,2.0,MIN,183
Anthony Edwards  ,3.0,MIN,189
Anthony Gill  ,0.0,WAS,18
Anthony Gill  ,1.0,WAS,46
Anthony Gill  ,2.0,WAS,56
Anthony Gill  ,3.0,WAS,22
Anthony Lamb  ,1.0,GSW,5
Anthony Lamb  ,2.0,GSW,22
Anthony Lamb  ,3.0,GSW,26
Anthony Lamb  ,4.0,GSW,28
Austin Reaves  ,0.0,LAL,17
Austin Reaves  ,1.0,LAL,47
Austin Reaves  ,2.0,LAL,21
Austin Reaves  ,3.0,LAL,56
Austin Rivers  ,0.0,MIN,0
Austin Rivers  ,1.0,MIN,-1
Austin Rivers  ,2.0,MIN,0
Austin Rivers  ,3.0,MIN,10
Ayo Dosunmu  ,0.0,CHI,42
Ayo Dosunmu  ,1.0,CHI,63
Ayo Dosunmu  ,2.0,CHI,54
Ayo Dosunmu  ,3.0,CHI,31
Bam Adebayo  ,0.0,MIA,46
Bam Adebayo  ,1.0,MIA,101
Bam Adebayo  ,2.0,MIA,84
Bam Adebayo  ,3.0,MIA,84
Bam Adebayo  ,4.0,MIA,33
Ben Simmons  ,0.0,BRK,29
Ben Simmons  ,1.0,BRK,59
Ben Simmons  ,3.0,BRK,30
Ben Simmons  ,4.0,BRK,15
Bennedict Mathurin  ,0.0,IND,156
Bennedict Mathurin  ,1.0,IND,132
Bennedict Mathurin  ,2.0,IND,58
Bennedict Mathurin  ,3.0,IND,104
Bismack Biyombo  ,0.0,PHO,1
Bismack Biyombo  ,1.0,PHO,41
Bismack Biyombo  ,2.0,PHO,23
Bismack Biyombo  ,3.0,PHO,16
Bismack Biyombo  ,4.0,PHO,1
Blake Griffin  ,0.0,BOS,10
Blake Griffin  ,1.0,BOS,26
Blake Griffin  ,2.0,BOS,16
Blake Griffin  ,3.0,BOS,22
Blake Wesley  ,1.0,SAS,17
Boban Marjanovic  ,0.0,HOU,3
Boban Marjanovic  ,1.0,HOU,2
Boban Marjanovic  ,2.0,HOU,1
Boban Marjanovic  ,3.0,HOU,3
Boban Marjanovic  ,4.0,HOU,0
Bobby Portis  ,0.0,MIL,40
Bobby Portis  ,1.0,MIL,73
Bobby Portis  ,2.0,MIL,100
Bobby Portis  ,3.0,MIL,66
Bobby Portis  ,4.0,MIL,20
Bojan Bogdanovic  ,0.0,DET,66
Bojan Bogdanovic  ,1.0,DET,106
Bojan Bogdanovic  ,2.0,DET,35
Bojan Bogdanovic  ,3.0,DET,76
Bojan Bogdanovic  ,4.0,DET,14
Bol Bol  ,0.0,ORL,32
Bol Bol  ,1.0,ORL,89
Bol Bol  ,2.0,ORL,73
Bol Bol  ,3.0,ORL,55
Bol Bol  ,4.0,ORL,15
Bones Hyland  ,0.0,DEN,16
Bones Hyland  ,1.0,DEN,45
Bones Hyland  ,2.0,DEN,35
Bones Hyland  ,3.0,DEN,26
Bradley Beal  ,0.0,WAS,72
Bradley Beal  ,1.0,WAS,68
Bradley Beal  ,2.0,WAS,69
Brandon Clarke  ,0.0,MEM,26
Brandon Clarke  ,1.0,MEM,45
Brandon Clarke  ,2.0,MEM,53
Brandon Clarke  ,3.0,MEM,42
Brandon Clarke  ,4.0,MEM,32
Brandon Ingram  ,0.0,NOP,74
Brandon Ingram  ,2.0,NOP,40
Brandon Ingram  ,3.0,NOP,86
Brandon Ingram  ,4.0,NOP,20
Braxton Key  ,0.0,DET,4
Braxton Key  ,2.0,DET,1
Brook Lopez  ,0.0,MIL,38
Brook Lopez  ,1.0,MIL,70
Brook Lopez  ,2.0,MIL,83
Brook Lopez  ,3.0,MIL,64
Brook Lopez  ,4.0,MIL,11
Bruce Brown  ,0.0,DEN,32
Bruce Brown  ,1.0,DEN,61
Bruce Brown  ,2.0,DEN,39
Bruce Brown  ,3.0,DEN,62
Bruno Fernando  ,0.0,HOU,33
Bryce McGowens  ,0.0,CHO,2
Bryce McGowens  ,1.0,CHO,4
Bryce McGowens  ,2.0,CHO,12
Bryn Forbes  ,0.0,MIN,-6
Bryn Forbes  ,1.0,MIN,16
Bryn Forbes  ,3.0,MIN,17
Buddy Boeheim  ,0.0,DET,0
Buddy Hield  ,0.0,IND,50
Buddy Hield  ,1.0,IND,112
Buddy Hield  ,2.0,IND,54
Buddy Hield  ,3.0,IND,64
CJ McCollum  ,0.0,NOP,84
CJ McCollum  ,1.0,NOP,55
CJ McCollum  ,2.0,NOP,86
CJ McCollum  ,3.0,NOP,46
CJ McCollum  ,4.0,NOP,35
Cade Cunningham  ,0.0,DET,63
Cade Cunningham  ,1.0,DET,108
Cade Cunningham  ,2.0,DET,60
Cade Cunningham  ,3.0,DET,26
Caleb Houstan  ,0.0,ORL,1
Caleb Houstan  ,1.0,ORL,13
Caleb Houstan  ,2.0,ORL,5
Caleb Houstan  ,3.0,ORL,15
Caleb Houstan  ,4.0,ORL,10
Cam Reddish  ,0.0,NYK,29
Cam Reddish  ,1.0,NYK,24
Cam Reddish  ,2.0,NYK,25
Cam Reddish  ,3.0,NYK,33
Cam Reddish  ,4.0,NYK,17
Cam Thomas  ,0.0,BRK,0
Cam Thomas  ,1.0,BRK,0
Cam Thomas  ,2.0,BRK,47
Cam Thomas  ,3.0,BRK,35
Cam Thomas  ,4.0,BRK,12
Cameron Payne  ,0.0,PHO,30
Cameron Payne  ,1.0,PHO,88
Cameron Payne  ,2.0,PHO,16
Cameron Payne  ,3.0,PHO,134
Cameron Payne  ,4.0,PHO,10
Caris LeVert  ,0.0,CLE,94
Caris LeVert  ,1.0,CLE,112
Caris LeVert  ,2.0,CLE,110
Caris LeVert  ,3.0,CLE,126
Chima Moneke  ,1.0,SAC,0
Chimezie Metu  ,0.0,SAC,18
Chimezie Metu  ,1.0,SAC,8
Chimezie Metu  ,2.0,SAC,18
Chimezie Metu  ,3.0,SAC,60
Chimezie Metu  ,4.0,SAC,2
Chris Boucher  ,1.0,TOR,37
Chris Boucher  ,2.0,TOR,77
Chris Boucher  ,3.0,TOR,52
Chris Boucher  ,4.0,TOR,21
Chris Duarte  ,0.0,IND,11
Chris Duarte  ,1.0,IND,31
Chris Duarte  ,2.0,IND,32
Chris Paul  ,0.0,PHO,60
Chris Paul  ,1.0,PHO,68
Chris Paul  ,2.0,PHO,76
Chris Paul  ,3.0,PHO,6
Christian Braun  ,0.0,DEN,25
Christian Braun  ,1.0,DEN,24
Christian Braun  ,2.0,DEN,7
Christian Braun  ,3.0,DEN,18
Christian Koloko  ,0.0,TOR,8
Christian Koloko  ,1.0,TOR,23
Christian Koloko  ,2.0,TOR,37
Christian Koloko  ,3.0,TOR,13
Christian Koloko  ,4.0,TOR,11
Christian Wood  ,0.0,DAL,63
Christian Wood  ,1.0,DAL,59
Christian Wood  ,2.0,DAL,47
Christian Wood  ,3.0,DAL,25
Christian Wood  ,4.0,DAL,15
Chuma Okeke  ,0.0,ORL,24
Chuma Okeke  ,1.0,ORL,29
Chuma Okeke  ,2.0,ORL,49
Chuma Okeke  ,3.0,ORL,32
Chuma Okeke  ,4.0,ORL,11
Clint Capela  ,0.0,ATL,54
Clint Capela  ,1.0,ATL,53
Clint Capela  ,2.0,ATL,73
Clint Capela  ,3.0,ATL,112
Clint Capela  ,4.0,ATL,32
Coby White  ,0.0,CHI,18
Coby White  ,1.0,CHI,34
Cody Martin  ,0.0,CHO,0
Cole Anthony  ,0.0,ORL,94
Cole Anthony  ,1.0,ORL,42
Cole Swider  ,0.0,LAL,1
Collin Sexton  ,0.0,UTA,38
Collin Sexton  ,1.0,UTA,46
Collin Sexton  ,2.0,UTA,67
Collin Sexton  ,3.0,UTA,41
Collin Sexton  ,4.0,UTA,3
Corey Kispert  ,2.0,WAS,10
Corey Kispert  ,3.0,WAS,128
Cory Joseph  ,0.0,DET,29
Cory Joseph  ,1.0,DET,12
Cory Joseph  ,2.0,DET,12
Cory Joseph  ,3.0,DET,13
Daishen Nix  ,0.0,HOU,1
Daishen Nix  ,1.0,HOU,17
Daishen Nix  ,2.0,HOU,26
Daishen Nix  ,3.0,HOU,15
Daishen Nix  ,4.0,HOU,6
Dalano Banton  ,0.0,TOR,10
Dalano Banton  ,1.0,TOR,9
Dalano Banton  ,2.0,TOR,20
Dalano Banton  ,3.0,TOR,31
Dalano Banton  ,4.0,TOR,34
Dalen Terry  ,0.0,CHI,-4
Dalen Terry  ,1.0,CHI,-4
Dalen Terry  ,2.0,CHI,14
Dalen Terry  ,3.0,CHI,10
Damian Lillard  ,0.0,POR,95
Damian Lillard  ,1.0,POR,62
Damian Lillard  ,3.0,POR,84
Damian Lillard  ,4.0,POR,26
Daniel Gafford  ,0.0,WAS,46
Daniel Gafford  ,1.0,WAS,48
Daniel Gafford  ,2.0,WAS,58
Daniel Gafford  ,3.0,WAS,108
Danuel House Jr.  ,0.0,PHI,10
Danuel House Jr.  ,1.0,PHI,13
Danuel House Jr.  ,2.0,PHI,20
Danuel House Jr.  ,3.0,PHI,20
Dario Saric  ,0.0,PHO,-2
Dario Saric  ,2.0,PHO,42
Dario Saric  ,3.0,PHO,16
Darius Bazley  ,0.0,OKC,27
Darius Bazley  ,1.0,OKC,44
Darius Bazley  ,2.0,OKC,29
Darius Bazley  ,3.0,OKC,16
Darius Garland  ,0.0,CLE,0
Darius Garland  ,2.0,CLE,68
Darius Garland  ,3.0,CLE,91
David Duke Jr.  ,1.0,BRK,13
David Duke Jr.  ,2.0,BRK,10
David Duke Jr.  ,3.0,BRK,6
David Duke Jr.  ,4.0,BRK,1
David Roddy  ,0.0,MEM,13
David Roddy  ,1.0,MEM,22
David Roddy  ,2.0,MEM,30
David Roddy  ,3.0,MEM,23
David Roddy  ,4.0,MEM,4
Davion Mitchell  ,0.0,SAC,11
Davion Mitchell  ,1.0,SAC,9
Davion Mitchell  ,2.0,SAC,35
Davion Mitchell  ,3.0,SAC,26
Davion Mitchell  ,4.0,SAC,9
Davon Reed  ,0.0,DEN,2
Davon Reed  ,1.0,DEN,-1
Davon Reed  ,2.0,DEN,2
Davon Reed  ,3.0,DEN,5
Day'Ron Sharpe  ,0.0,BRK,19
Day'Ron Sharpe  ,1.0,BRK,13
Day'Ron Sharpe  ,2.0,BRK,5
Day'Ron Sharpe  ,3.0,BRK,9
Day'Ron Sharpe  ,4.0,BRK,13
De'Aaron Fox  ,0.0,SAC,216
De'Aaron Fox  ,1.0,SAC,112
De'Aaron Fox  ,2.0,SAC,78
De'Aaron Fox  ,3.0,SAC,244
De'Aaron Fox  ,4.0,SAC,40
De'Andre Hunter  ,0.0,ATL,46
De'Andre Hunter  ,1.0,ATL,40
De'Andre Hunter  ,2.0,ATL,39
De'Andre Hunter  ,3.0,ATL,44
De'Andre Hunter  ,4.0,ATL,21
De'Anthony Melton  ,0.0,PHI,18
De'Anthony Melton  ,1.0,PHI,76
De'Anthony Melton  ,2.0,PHI,34
De'Anthony Melton  ,3.0,PHI,33
DeAndre Jordan  ,0.0,DEN,15
DeAndre Jordan  ,1.0,DEN,47
DeAndre Jordan  ,2.0,DEN,17
DeAndre Jordan  ,3.0,DEN,28
DeMar DeRozan  ,0.0,CHI,85
DeMar DeRozan  ,1.0,CHI,87
DeMar DeRozan  ,2.0,CHI,90
DeMar DeRozan  ,3.0,CHI,57
Dean Wade  ,0.0,CLE,38
Dean Wade  ,1.0,CLE,57
Dean Wade  ,2.0,CLE,15
Dean Wade  ,3.0,CLE,14
Deandre Ayton  ,0.0,PHO,67
Deandre Ayton  ,1.0,PHO,33
Deandre Ayton  ,2.0,PHO,38
Deandre Ayton  ,3.0,PHO,43
Deandre Ayton  ,4.0,PHO,31
Dejounte Murray  ,0.0,ATL,90
Dejounte Murray  ,1.0,ATL,73
Dejounte Murray  ,2.0,ATL,112
Dejounte Murray  ,3.0,ATL,105
Dejounte Murray  ,4.0,ATL,23
Delon Wright  ,0.0,WAS,33
Delon Wright  ,1.0,WAS,14
Deni Avdija  ,0.0,WAS,25
Deni Avdija  ,1.0,WAS,29
Deni Avdija  ,2.0,WAS,23
Deni Avdija  ,3.0,WAS,59
Dennis Smith Jr.  ,0.0,CHO,58
Dennis Smith Jr.  ,1.0,CHO,52
Dennis Smith Jr.  ,2.0,CHO,60
Dennis Smith Jr.  ,3.0,CHO,44
Dereon Seabron  ,1.0,NOP,0
Derrick Rose  ,0.0,NYK,25
Derrick Rose  ,1.0,NYK,42
Derrick Rose  ,2.0,NYK,8
Derrick Rose  ,3.0,NYK,13
Derrick Rose  ,4.0,NYK,5
Derrick White  ,0.0,BOS,116
Derrick White  ,1.0,BOS,46
Derrick White  ,2.0,BOS,68
Derrick White  ,3.0,BOS,100
Derrick White  ,4.0,BOS,46
Desmond Bane  ,0.0,MEM,45
Desmond Bane  ,1.0,MEM,112
Desmond Bane  ,2.0,MEM,85
Desmond Bane  ,3.0,MEM,80
Devin Booker  ,0.0,PHO,192
Devin Booker  ,1.0,PHO,148
Devin Booker  ,2.0,PHO,126
Devin Booker  ,3.0,PHO,180
Devin Booker  ,4.0,PHO,60
Devin Vassell  ,0.0,SAS,58
Devin Vassell  ,1.0,SAS,30
Devin Vassell  ,2.0,SAS,58
Devin Vassell  ,3.0,SAS,58
Devin Vassell  ,4.0,SAS,22
Devonte' Graham  ,0.0,NOP,9
Devonte' Graham  ,1.0,NOP,50
Devonte' Graham  ,2.0,NOP,6
Devonte' Graham  ,3.0,NOP,30
Devonte' Graham  ,4.0,NOP,2
Dewayne Dedmon  ,0.0,MIA,18
Dewayne Dedmon  ,1.0,MIA,3
Dewayne Dedmon  ,2.0,MIA,38
Dewayne Dedmon  ,3.0,MIA,32
Dewayne Dedmon  ,4.0,MIA,17
Dillon Brooks  ,1.0,MEM,33
Dillon Brooks  ,2.0,MEM,59
Dillon Brooks  ,3.0,MEM,55
Dillon Brooks  ,4.0,MEM,11
Domantas Sabonis  ,0.0,SAC,75
Domantas Sabonis  ,1.0,SAC,56
Domantas Sabonis  ,2.0,SAC,96
Domantas Sabonis  ,3.0,SAC,147
Domantas Sabonis  ,4.0,SAC,30
Dominick Barlow  ,2.0,SAS,4
Donovan Mitchell  ,0.0,CLE,104
Donovan Mitchell  ,1.0,CLE,105
Donovan Mitchell  ,2.0,CLE,57
Donovan Mitchell  ,3.0,CLE,117
Donte DiVincenzo  ,0.0,GSW,10
Donte DiVincenzo  ,3.0,GSW,12
Donte DiVincenzo  ,4.0,GSW,5
Dorian Finney-Smith  ,0.0,DAL,20
Dorian Finney-Smith  ,1.0,DAL,48
Dorian Finney-Smith  ,2.0,DAL,15
Dorian Finney-Smith  ,3.0,DAL,42
Dorian Finney-Smith  ,4.0,DAL,26
Doug McDermott  ,0.0,SAS,34
Doug McDermott  ,1.0,SAS,54
Doug McDermott  ,2.0,SAS,15
Doug McDermott  ,3.0,SAS,26
Doug McDermott  ,4.0,SAS,3
Draymond Green  ,0.0,GSW,48
Draymond Green  ,1.0,GSW,70
Draymond Green  ,2.0,GSW,35
Draymond Green  ,3.0,GSW,54
Draymond Green  ,4.0,GSW,12
Drew Eubanks  ,0.0,POR,19
Drew Eubanks  ,1.0,POR,21
Drew Eubanks  ,2.0,POR,24
Drew Eubanks  ,3.0,POR,52
Drew Eubanks  ,4.0,POR,17
Dru Smith  ,1.0,MIA,2
Duncan Robinson  ,0.0,MIA,24
Duncan Robinson  ,1.0,MIA,20
Duncan Robinson  ,2.0,MIA,24
Duncan Robinson  ,3.0,MIA,24
Duncan Robinson  ,4.0,MIA,6
Dwight Powell  ,0.0,DAL,0
Dwight Powell  ,1.0,DAL,22
Dwight Powell  ,2.0,DAL,23
Dwight Powell  ,3.0,DAL,36
Dwight Powell  ,4.0,DAL,7
Dyson Daniels  ,0.0,NOP,1
Dyson Daniels  ,1.0,NOP,19
Dyson Daniels  ,2.0,NOP,14
Dyson Daniels  ,3.0,NOP,2
Dyson Daniels  ,4.0,NOP,12
Edmond Sumner  ,0.0,BRK,4
Edmond Sumner  ,1.0,BRK,14
Edmond Sumner  ,2.0,BRK,31
Edmond Sumner  ,3.0,BRK,50
Edmond Sumner  ,4.0,BRK,17
Eric Gordon  ,0.0,HOU,25
Eric Gordon  ,1.0,HOU,51
Eric Gordon  ,2.0,HOU,26
Eric Gordon  ,3.0,HOU,50
Eric Gordon  ,4.0,HOU,1
Eugene Omoruyi  ,0.0,OKC,40
Eugene Omoruyi  ,1.0,OKC,0
Eugene Omoruyi  ,2.0,OKC,-4
Eugene Omoruyi  ,3.0,OKC,54
Evan Fournier  ,0.0,NYK,28
Evan Fournier  ,1.0,NYK,51
Evan Fournier  ,2.0,NYK,8
Evan Fournier  ,3.0,NYK,8
Evan Mobley  ,0.0,CLE,48
Evan Mobley  ,1.0,CLE,68
Evan Mobley  ,2.0,CLE,48
Evan Mobley  ,3.0,CLE,88
Facundo Campazzo  ,1.0,DAL,7
Facundo Campazzo  ,3.0,DAL,0
Frank Kaminsky  ,1.0,ATL,3
Frank Kaminsky  ,2.0,ATL,4
Frank Kaminsky  ,3.0,ATL,9
Franz Wagner  ,0.0,ORL,144
Franz Wagner  ,1.0,ORL,153
Franz Wagner  ,2.0,ORL,201
Franz Wagner  ,3.0,ORL,204
Franz Wagner  ,4.0,ORL,66
Fred VanVleet  ,0.0,TOR,77
Fred VanVleet  ,1.0,TOR,52
Fred VanVleet  ,2.0,TOR,42
Fred VanVleet  ,3.0,TOR,81
Furkan Korkmaz  ,1.0,PHI,1
Furkan Korkmaz  ,2.0,PHI,3
Furkan Korkmaz  ,3.0,PHI,11
Gabe Vincent  ,0.0,MIA,27
Gabe Vincent  ,1.0,MIA,29
Gabe Vincent  ,2.0,MIA,37
Gabe Vincent  ,3.0,MIA,46
Gabe Vincent  ,4.0,MIA,13
Garrett Temple  ,1.0,NOP,9
Garrison Mathews  ,0.0,HOU,3
Garrison Mathews  ,1.0,HOU,27
Garrison Mathews  ,2.0,HOU,16
Garrison Mathews  ,3.0,HOU,5
Garrison Mathews  ,4.0,HOU,1
Gary Trent Jr.  ,0.0,TOR,94
Gary Trent Jr.  ,1.0,TOR,106
Gary Trent Jr.  ,2.0,TOR,106
Gary Trent Jr.  ,3.0,TOR,80
George Hill  ,0.0,MIL,20
George Hill  ,1.0,MIL,28
George Hill  ,2.0,MIL,14
George Hill  ,3.0,MIL,19
George Hill  ,4.0,MIL,6
Georges Niang  ,0.0,PHI,10
Georges Niang  ,1.0,PHI,45
Georges Niang  ,2.0,PHI,33
Georges Niang  ,3.0,PHI,51
Giannis Antetokounmpo  ,0.0,MIL,188
Giannis Antetokounmpo  ,1.0,MIL,274
Giannis Antetokounmpo  ,2.0,MIL,226
Giannis Antetokounmpo  ,3.0,MIL,40
Giannis Antetokounmpo  ,4.0,MIL,24
Goga Bitadze  ,0.0,IND,43
Goga Bitadze  ,1.0,IND,15
Goga Bitadze  ,2.0,IND,6
Goga Bitadze  ,3.0,IND,-1
Goran Dragic  ,0.0,CHI,29
Goran Dragic  ,1.0,CHI,34
Goran Dragic  ,2.0,CHI,57
Goran Dragic  ,3.0,CHI,39
Gordon Hayward  ,0.0,CHO,57
Gordon Hayward  ,1.0,CHO,62
Gordon Hayward  ,2.0,CHO,19
Gorgui Dieng  ,0.0,SAS,16
Gorgui Dieng  ,1.0,SAS,6
Gorgui Dieng  ,2.0,SAS,16
Gorgui Dieng  ,4.0,SAS,7
Grant Williams  ,0.0,BOS,195
Grant Williams  ,1.0,BOS,54
Grant Williams  ,2.0,BOS,126
Grant Williams  ,3.0,BOS,216
Grant Williams  ,4.0,BOS,39
Grayson Allen  ,0.0,MIL,22
Grayson Allen  ,1.0,MIL,31
Grayson Allen  ,2.0,MIL,59
Grayson Allen  ,3.0,MIL,34
Grayson Allen  ,4.0,MIL,2
Greg Brown III  ,1.0,POR,5
Greg Brown III  ,2.0,POR,2
Hamidou Diallo  ,0.0,DET,3
Hamidou Diallo  ,1.0,DET,29
Hamidou Diallo  ,2.0,DET,14
Hamidou Diallo  ,3.0,DET,30
Hamidou Diallo  ,4.0,DET,8
Harrison Barnes  ,0.0,SAC,23
Harrison Barnes  ,1.0,SAC,35
Harrison Barnes  ,2.0,SAC,43
Harrison Barnes  ,3.0,SAC,61
Harrison Barnes  ,4.0,SAC,23
Haywood Highsmith  ,0.0,MIA,0
Haywood Highsmith  ,1.0,MIA,3
Haywood Highsmith  ,2.0,MIA,-2
Haywood Highsmith  ,3.0,MIA,0
Herbert Jones  ,0.0,NOP,26
Herbert Jones  ,2.0,NOP,27
Herbert Jones  ,3.0,NOP,54
Herbert Jones  ,4.0,NOP,14
Immanuel Quickley  ,0.0,NYK,25
Immanuel Quickley  ,1.0,NYK,45
Immanuel Quickley  ,2.0,NYK,40
Immanuel Quickley  ,3.0,NYK,56
Immanuel Quickley  ,4.0,NYK,20
Isaac Okoro  ,0.0,CLE,-4
Isaac Okoro  ,1.0,CLE,7
Isaac Okoro  ,2.0,CLE,10
Isaac Okoro  ,3.0,CLE,16
Isaiah Hartenstein  ,0.0,NYK,39
Isaiah Hartenstein  ,1.0,NYK,56
Isaiah Hartenstein  ,2.0,NYK,60
Isaiah Hartenstein  ,3.0,NYK,47
Isaiah Hartenstein  ,4.0,NYK,11
Isaiah Jackson  ,0.0,IND,38
Isaiah Jackson  ,1.0,IND,55
Isaiah Jackson  ,2.0,IND,18
Isaiah Jackson  ,3.0,IND,52
Isaiah Joe  ,0.0,OKC,10
Isaiah Joe  ,1.0,OKC,42
Isaiah Joe  ,2.0,OKC,14
Isaiah Joe  ,3.0,OKC,36
Isaiah Joe  ,4.0,OKC,0
Isaiah Livers  ,0.0,DET,8
Isaiah Livers  ,1.0,DET,31
Isaiah Livers  ,2.0,DET,20
Isaiah Livers  ,3.0,DET,31
Isaiah Livers  ,4.0,DET,8
Isaiah Mobley  ,0.0,CLE,5
Isaiah Roby  ,0.0,SAS,18
Isaiah Roby  ,1.0,SAS,12
Isaiah Roby  ,2.0,SAS,8
Isaiah Roby  ,3.0,SAS,0
Isaiah Roby  ,4.0,SAS,10
Isaiah Stewart  ,0.0,DET,55
Isaiah Stewart  ,1.0,DET,97
Isaiah Stewart  ,2.0,DET,62
Isaiah Stewart  ,3.0,DET,90
Isaiah Stewart  ,4.0,DET,11
Isaiah Todd  ,1.0,WAS,0
Ish Smith  ,0.0,DEN,-1
Ish Smith  ,1.0,DEN,0
Ivica Zubac  ,0.0,LAC,57
Ivica Zubac  ,1.0,LAC,72
Ivica Zubac  ,2.0,LAC,97
Ivica Zubac  ,3.0,LAC,59
Ivica Zubac  ,4.0,LAC,26
Ja Morant  ,0.0,MEM,303
Ja Morant  ,1.0,MEM,201
Ja Morant  ,2.0,MEM,261
Ja Morant  ,3.0,MEM,291
Ja Morant  ,4.0,MEM,99
JaMychal Green  ,0.0,GSW,128
JaMychal Green  ,1.0,GSW,96
JaMychal Green  ,2.0,GSW,104
JaMychal Green  ,4.0,GSW,64
JaVale McGee  ,0.0,DAL,16
JaVale McGee  ,1.0,DAL,14
JaVale McGee  ,2.0,DAL,12
JaVale McGee  ,3.0,DAL,6
Jabari Smith Jr.  ,0.0,HOU,47
Jabari Smith Jr.  ,1.0,HOU,63
Jabari Smith Jr.  ,2.0,HOU,-1
Jabari Smith Jr.  ,3.0,HOU,43
Jabari Smith Jr.  ,4.0,HOU,14
Jabari Walker  ,1.0,POR,11
Jabari Walker  ,2.0,POR,11
Jabari Walker  ,3.0,POR,20
Jaden Ivey  ,0.0,DET,66
Jaden Ivey  ,1.0,DET,37
Jaden Ivey  ,2.0,DET,38
Jaden Ivey  ,3.0,DET,99
Jaden Ivey  ,4.0,DET,19
Jaden Springer  ,1.0,PHI,6
Jae'Sean Tate  ,1.0,HOU,37
Jake LaRavia  ,0.0,MEM,32
Jake LaRavia  ,1.0,MEM,26
Jake LaRavia  ,2.0,MEM,18
Jake LaRavia  ,3.0,MEM,19
Jakob Poeltl  ,0.0,SAS,69
Jakob Poeltl  ,1.0,SAS,119
Jakob Poeltl  ,2.0,SAS,35
Jakob Poeltl  ,3.0,SAS,79
Jakob Poeltl  ,4.0,SAS,58
Jalen Brunson  ,0.0,NYK,82
Jalen Brunson  ,1.0,NYK,190
Jalen Brunson  ,2.0,NYK,154
Jalen Brunson  ,3.0,NYK,186
Jalen Brunson  ,4.0,NYK,52
Jalen Duren  ,0.0,DET,44
Jalen Duren  ,1.0,DET,34
Jalen Duren  ,3.0,DET,54
Jalen Duren  ,4.0,DET,5
Jalen Green  ,0.0,HOU,63
Jalen Green  ,1.0,HOU,49
Jalen Green  ,2.0,HOU,38
Jalen Green  ,3.0,HOU,93
Jalen Green  ,4.0,HOU,30
Jalen McDaniels  ,0.0,CHO,100
Jalen McDaniels  ,1.0,CHO,116
Jalen McDaniels  ,2.0,CHO,74
Jalen McDaniels  ,3.0,CHO,116
Jalen McDaniels  ,4.0,CHO,26
Jalen Smith  ,0.0,IND,53
Jalen Smith  ,1.0,IND,82
Jalen Smith  ,2.0,IND,1
Jalen Smith  ,3.0,IND,52
Jalen Suggs  ,0.0,ORL,24
Jalen Suggs  ,2.0,ORL,36
Jalen Suggs  ,3.0,ORL,51
Jalen Suggs  ,4.0,ORL,2
Jamal Cain  ,3.0,MIA,5
Jamal Murray  ,0.0,DEN,23
Jamal Murray  ,1.0,DEN,47
Jamal Murray  ,2.0,DEN,41
Jamal Murray  ,3.0,DEN,81
James Bouknight  ,0.0,CHO,4
James Bouknight  ,1.0,CHO,17
James Bouknight  ,2.0,CHO,37
James Bouknight  ,3.0,CHO,22
James Bouknight  ,4.0,CHO,-1
James Harden  ,0.0,PHI,333
James Harden  ,1.0,PHI,345
James Harden  ,2.0,PHI,228
James Johnson  ,0.0,IND,10
James Johnson  ,1.0,IND,14
James Johnson  ,2.0,IND,14
James Wiseman  ,0.0,GSW,42
James Wiseman  ,1.0,GSW,33
James Wiseman  ,2.0,GSW,17
James Wiseman  ,4.0,GSW,4
Jaren Jackson Jr.  ,4.0,MEM,4
Jarred Vanderbilt  ,0.0,UTA,59
Jarred Vanderbilt  ,1.0,UTA,66
Jarred Vanderbilt  ,2.0,UTA,56
Jarred Vanderbilt  ,3.0,UTA,43
Jarred Vanderbilt  ,4.0,UTA,10
Jarrett Allen  ,0.0,CLE,69
Jarrett Allen  ,1.0,CLE,73
Jarrett Allen  ,2.0,CLE,76
Jarrett Allen  ,3.0,CLE,76
Jarrett Culver  ,3.0,ATL,0
Jarrett Culver  ,4.0,ATL,0
Jason Preston  ,0.0,LAC,-3
Jaxson Hayes  ,0.0,NOP,-1
Jaxson Hayes  ,1.0,NOP,7
Jaxson Hayes  ,2.0,NOP,-1
Jaylen Brown  ,0.0,BOS,78
Jaylen Brown  ,1.0,BOS,75
Jaylen Brown  ,2.0,BOS,72
Jaylen Brown  ,3.0,BOS,85
Jaylen Brown  ,4.0,BOS,23
Jaylen Nowell  ,0.0,MIN,88
Jaylen Nowell  ,1.0,MIN,96
Jaylen Nowell  ,2.0,MIN,52
Jaylen Nowell  ,3.0,MIN,60
Jayson Tatum  ,0.0,BOS,124
Jayson Tatum  ,1.0,BOS,92
Jayson Tatum  ,2.0,BOS,114
Jayson Tatum  ,3.0,BOS,150
Jayson Tatum  ,4.0,BOS,33
Jeff Dowtin  ,2.0,TOR,5
Jeff Dowtin  ,4.0,TOR,9
Jerami Grant  ,0.0,POR,150
Jerami Grant  ,1.0,POR,132
Jerami Grant  ,2.0,POR,180
Jerami Grant  ,3.0,POR,309
Jerami Grant  ,4.0,POR,102
Jeremy Sochan  ,0.0,SAS,16
Jeremy Sochan  ,1.0,SAS,48
Jeremy Sochan  ,2.0,SAS,17
Jeremy Sochan  ,3.0,SAS,38
Jeremy Sochan  ,4.0,SAS,22
Jericho Sims  ,0.0,NYK,1
Jericho Sims  ,1.0,NYK,0
Jericho Sims  ,2.0,NYK,4
Jericho Sims  ,3.0,NYK,47
Jericho Sims  ,4.0,NYK,30
Jevon Carter  ,0.0,MIL,8
Jevon Carter  ,1.0,MIL,24
Jevon Carter  ,2.0,MIL,43
Jevon Carter  ,3.0,MIL,79
Jevon Carter  ,4.0,MIL,16
Jimmy Butler  ,0.0,MIA,71
Jimmy Butler  ,1.0,MIA,111
Jimmy Butler  ,2.0,MIA,26
Jimmy Butler  ,3.0,MIA,105
Jimmy Butler  ,4.0,MIA,37
Jock Landale  ,0.0,PHO,27
Jock Landale  ,1.0,PHO,47
Jock Landale  ,2.0,PHO,27
Jock Landale  ,3.0,PHO,25
Jock Landale  ,4.0,PHO,3
Joe Harris  ,0.0,BRK,6
Joe Harris  ,1.0,BRK,32
Joe Harris  ,2.0,BRK,39
Joe Harris  ,3.0,BRK,54
Joe Harris  ,4.0,BRK,0
Joel Embiid  ,0.0,PHI,101
Joel Embiid  ,1.0,PHI,86
Joel Embiid  ,3.0,PHI,191
John Butler  ,2.0,POR,3
John Collins  ,0.0,ATL,93
John Collins  ,1.0,ATL,51
John Collins  ,2.0,ATL,63
John Collins  ,3.0,ATL,50
John Collins  ,4.0,ATL,18
John Konchar  ,0.0,MEM,58
John Konchar  ,1.0,MEM,19
John Konchar  ,2.0,MEM,43
John Konchar  ,3.0,MEM,45
John Konchar  ,4.0,MEM,18
John Wall  ,0.0,LAC,125
John Wall  ,1.0,LAC,220
John Wall  ,2.0,LAC,150
John Wall  ,3.0,LAC,155
John Wall  ,4.0,LAC,95
Jonas Valanciunas  ,0.0,NOP,92
Jonas Valanciunas  ,1.0,NOP,72
Jonas Valanciunas  ,2.0,NOP,49
Jonas Valanciunas  ,3.0,NOP,78
Jonas Valanciunas  ,4.0,NOP,0
Jonathan Kuminga  ,0.0,GSW,5
Jonathan Kuminga  ,1.0,GSW,10
Jonathan Kuminga  ,2.0,GSW,19
Jonathan Kuminga  ,3.0,GSW,0
Jonathan Kuminga  ,4.0,GSW,19
Jordan Clarkson  ,0.0,UTA,60
Jordan Clarkson  ,1.0,UTA,75
Jordan Clarkson  ,2.0,UTA,86
Jordan Clarkson  ,3.0,UTA,71
Jordan Clarkson  ,4.0,UTA,9
Jordan Goodwin  ,1.0,WAS,14
Jordan Goodwin  ,2.0,WAS,22
Jordan Goodwin  ,3.0,WAS,75
Jordan McLaughlin  ,0.0,MIN,18
Jordan McLaughlin  ,1.0,MIN,18
Jordan McLaughlin  ,2.0,MIN,35
Jordan McLaughlin  ,3.0,MIN,13
Jordan Nwora  ,0.0,MIL,32
Jordan Nwora  ,1.0,MIL,38
Jordan Nwora  ,2.0,MIL,46
Jordan Nwora  ,3.0,MIL,44
Jordan Nwora  ,4.0,MIL,30
Jordan Poole  ,0.0,GSW,42
Jordan Poole  ,1.0,GSW,88
Jordan Poole  ,2.0,GSW,19
Jordan Poole  ,3.0,GSW,32
Jordan Poole  ,4.0,GSW,41
Jordan Schakel  ,1.0,WAS,5
Jose Alvarado  ,0.0,NOP,26
Jose Alvarado  ,1.0,NOP,28
Jose Alvarado  ,2.0,NOP,42
Jose Alvarado  ,3.0,NOP,35
Jose Alvarado  ,4.0,NOP,17
Josh Christopher  ,0.0,HOU,8
Josh Christopher  ,1.0,HOU,9
Josh Christopher  ,2.0,HOU,5
Josh Christopher  ,3.0,HOU,-1
Josh Christopher  ,4.0,HOU,7
Josh Giddey  ,0.0,OKC,68
Josh Giddey  ,2.0,OKC,36
Josh Giddey  ,3.0,OKC,115
Josh Giddey  ,4.0,OKC,11
Josh Hart  ,0.0,POR,70
Josh Hart  ,1.0,POR,51
Josh Hart  ,2.0,POR,40
Josh Hart  ,3.0,POR,55
Josh Hart  ,4.0,POR,18
Josh Okogie  ,0.0,PHO,7
Josh Okogie  ,1.0,PHO,7
Josh Okogie  ,2.0,PHO,2
Josh Okogie  ,3.0,PHO,-3
Josh Okogie  ,4.0,PHO,3
Josh Richardson  ,0.0,SAS,39
Josh Richardson  ,1.0,SAS,61
Josh Richardson  ,2.0,SAS,15
Josh Richardson  ,3.0,SAS,32
Josh Richardson  ,4.0,SAS,14
Joshua Primo  ,0.0,SAS,50
Joshua Primo  ,1.0,SAS,20
Jrue Holiday  ,0.0,MIL,42
Jrue Holiday  ,1.0,MIL,76
Jrue Holiday  ,2.0,MIL,135
Jrue Holiday  ,3.0,MIL,18
Juan Toscano-Anderson  ,0.0,LAL,17
Juan Toscano-Anderson  ,1.0,LAL,4
Juan Toscano-Anderson  ,2.0,LAL,6
Juan Toscano-Anderson  ,3.0,LAL,9
Juancho Hernangomez  ,0.0,TOR,2
Juancho Hernangomez  ,1.0,TOR,-3
Juancho Hernangomez  ,2.0,TOR,4
Juancho Hernangomez  ,3.0,TOR,34
Juancho Hernangomez  ,4.0,TOR,13
Julius Randle  ,0.0,NYK,54
Julius Randle  ,1.0,NYK,89
Julius Randle  ,2.0,NYK,64
Julius Randle  ,3.0,NYK,126
Julius Randle  ,4.0,NYK,14
Justin Champagnie  ,1.0,TOR,6
Justin Champagnie  ,2.0,TOR,12
Justin Holiday  ,0.0,ATL,16
Justin Holiday  ,1.0,ATL,17
Justin Holiday  ,2.0,ATL,20
Justin Holiday  ,3.0,ATL,29
Justin Jackson  ,1.0,BOS,6
Justin Jackson  ,3.0,BOS,0
Justise Winslow  ,0.0,POR,32
Justise Winslow  ,1.0,POR,27
Justise Winslow  ,2.0,POR,36
Justise Winslow  ,3.0,POR,35
Jusuf Nurkic  ,0.0,POR,65
Jusuf Nurkic  ,1.0,POR,83
Jusuf Nurkic  ,2.0,POR,67
Jusuf Nurkic  ,3.0,POR,17
Jusuf Nurkic  ,4.0,POR,8
KZ Okpala  ,0.0,SAC,16
KZ Okpala  ,1.0,SAC,0
KZ Okpala  ,2.0,SAC,0
KZ Okpala  ,4.0,SAC,12
Kai Jones  ,0.0,CHO,4
Kai Jones  ,1.0,CHO,5
Kai Jones  ,2.0,CHO,5
Kai Jones  ,3.0,CHO,2
Kai Jones  ,4.0,CHO,1
Karl-Anthony Towns  ,0.0,MIN,56
Karl-Anthony Towns  ,1.0,MIN,132
Karl-Anthony Towns  ,2.0,MIN,108
Karl-Anthony Towns  ,3.0,MIN,139
Kawhi Leonard  ,0.0,LAC,93
Keegan Murray  ,0.0,SAC,41
Keegan Murray  ,1.0,SAC,37
Keegan Murray  ,2.0,SAC,24
Keegan Murray  ,3.0,SAC,56
Keegan Murray  ,4.0,SAC,3
Keita Bates-Diop  ,0.0,SAS,9
Keita Bates-Diop  ,1.0,SAS,30
Keita Bates-Diop  ,2.0,SAS,33
Keita Bates-Diop  ,3.0,SAS,2
Keita Bates-Diop  ,4.0,SAS,35
Keldon Johnson  ,0.0,SAS,158
Keldon Johnson  ,1.0,SAS,206
Keldon Johnson  ,2.0,SAS,82
Keldon Johnson  ,3.0,SAS,136
Keldon Johnson  ,4.0,SAS,64
Kelly Olynyk  ,0.0,UTA,57
Kelly Olynyk  ,1.0,UTA,70
Kelly Olynyk  ,2.0,UTA,60
Kelly Olynyk  ,3.0,UTA,57
Kelly Olynyk  ,4.0,UTA,37
Kelly Oubre Jr.  ,0.0,CHO,62
Kelly Oubre Jr.  ,1.0,CHO,36
Kelly Oubre Jr.  ,2.0,CHO,70
Kelly Oubre Jr.  ,3.0,CHO,79
Kelly Oubre Jr.  ,4.0,CHO,11
Kendrick Nunn  ,0.0,LAL,8
Kendrick Nunn  ,1.0,LAL,12
Kendrick Nunn  ,2.0,LAL,-2
Kendrick Nunn  ,3.0,LAL,12
Kennedy Chandler  ,0.0,MEM,-2
Kennedy Chandler  ,1.0,MEM,4
Kennedy Chandler  ,2.0,MEM,14
Kennedy Chandler  ,3.0,MEM,14
Kenneth Lofton Jr.  ,0.0,MEM,3
Kenneth Lofton Jr.  ,1.0,MEM,0
Kenneth Lofton Jr.  ,2.0,MEM,2
Kentavious Caldwell-Pope  ,0.0,DEN,55
Kentavious Caldwell-Pope  ,1.0,DEN,48
Kentavious Caldwell-Pope  ,2.0,DEN,30
Kentavious Caldwell-Pope  ,3.0,DEN,67
Kevin Durant  ,0.0,BRK,55
Kevin Durant  ,1.0,BRK,129
Kevin Durant  ,2.0,BRK,153
Kevin Durant  ,3.0,BRK,155
Kevin Durant  ,4.0,BRK,29
Kevin Huerter  ,0.0,SAC,120
Kevin Huerter  ,1.0,SAC,92
Kevin Huerter  ,2.0,SAC,124
Kevin Huerter  ,3.0,SAC,144
Kevin Huerter  ,4.0,SAC,50
Kevin Knox  ,0.0,DET,-3
Kevin Knox  ,1.0,DET,2
Kevin Knox  ,2.0,DET,8
Kevin Knox  ,3.0,DET,-2
Kevin Love  ,0.0,CLE,60
Kevin Love  ,1.0,CLE,58
Kevin Love  ,2.0,CLE,69
Kevin Love  ,3.0,CLE,70
Kevin Porter Jr.  ,0.0,HOU,63
Kevin Porter Jr.  ,1.0,HOU,97
Kevin Porter Jr.  ,2.0,HOU,45
Kevin Porter Jr.  ,3.0,HOU,65
Kevin Porter Jr.  ,4.0,HOU,12
Kevon Harris  ,0.0,ORL,4
Kevon Harris  ,1.0,ORL,15
Kevon Harris  ,2.0,ORL,18
Kevon Harris  ,3.0,ORL,0
Kevon Harris  ,4.0,ORL,6
Kevon Looney  ,0.0,GSW,40
Kevon Looney  ,1.0,GSW,56
Kevon Looney  ,2.0,GSW,46
Kevon Looney  ,3.0,GSW,52
Kevon Looney  ,4.0,GSW,9
Khem Birch  ,1.0,TOR,5
Khem Birch  ,2.0,TOR,12
Khem Birch  ,4.0,TOR,2
Killian Hayes  ,0.0,DET,16
Killian Hayes  ,1.0,DET,10
Killian Hayes  ,2.0,DET,6
Killian Hayes  ,3.0,DET,55
Killian Hayes  ,4.0,DET,11
Klay Thompson  ,0.0,GSW,80
Klay Thompson  ,1.0,GSW,42
Klay Thompson  ,2.0,GSW,84
Klay Thompson  ,3.0,GSW,78
Kristaps Porzingis  ,0.0,WAS,70
Kristaps Porzingis  ,1.0,WAS,72
Kristaps Porzingis  ,2.0,WAS,113
Kristaps Porzingis  ,3.0,WAS,99
Kyle Anderson  ,0.0,MIN,7
Kyle Anderson  ,1.0,MIN,10
Kyle Anderson  ,2.0,MIN,38
Kyle Anderson  ,3.0,MIN,55
Kyle Kuzma  ,0.0,WAS,73
Kyle Kuzma  ,1.0,WAS,50
Kyle Kuzma  ,2.0,WAS,81
Kyle Kuzma  ,3.0,WAS,96
Kyle Lowry  ,0.0,MIA,46
Kyle Lowry  ,1.0,MIA,75
Kyle Lowry  ,2.0,MIA,65
Kyle Lowry  ,3.0,MIA,71
Kyle Lowry  ,4.0,MIA,12
Kyrie Irving  ,0.0,BRK,76
Kyrie Irving  ,1.0,BRK,288
Kyrie Irving  ,2.0,BRK,80
LaMelo Ball  ,3.0,CHO,32
LaMelo Ball  ,4.0,CHO,34
Lamar Stevens  ,0.0,CLE,0
Lamar Stevens  ,1.0,CLE,0
Lamar Stevens  ,2.0,CLE,4
Lamar Stevens  ,3.0,CLE,16
Landry Shamet  ,0.0,PHO,10
Landry Shamet  ,1.0,PHO,20
Landry Shamet  ,2.0,PHO,16
Landry Shamet  ,3.0,PHO,12
Lauri Markkanen  ,0.0,UTA,104
Lauri Markkanen  ,1.0,UTA,86
Lauri Markkanen  ,2.0,UTA,137
Lauri Markkanen  ,3.0,UTA,95
Lauri Markkanen  ,4.0,UTA,18
LeBron James  ,0.0,LAL,112
LeBron James  ,1.0,LAL,70
LeBron James  ,2.0,LAL,76
LeBron James  ,3.0,LAL,34
Leandro Bolmaro  ,0.0,UTA,0
Leandro Bolmaro  ,1.0,UTA,3
Leandro Bolmaro  ,3.0,UTA,0
Lindy Waters III  ,0.0,OKC,1
Lonnie Walker IV  ,0.0,LAL,44
Lonnie Walker IV  ,1.0,LAL,38
Lonnie Walker IV  ,2.0,LAL,51
Lonnie Walker IV  ,3.0,LAL,40
Luguentz Dort  ,0.0,OKC,41
Luguentz Dort  ,1.0,OKC,37
Luguentz Dort  ,2.0,OKC,35
Luguentz Dort  ,3.0,OKC,73
Luguentz Dort  ,4.0,OKC,15
Luka Doncic  ,0.0,DAL,83
Luka Doncic  ,1.0,DAL,202
Luka Doncic  ,2.0,DAL,87
Luka Doncic  ,3.0,DAL,145
Luka Doncic  ,4.0,DAL,47
Luke Kennard  ,0.0,LAC,19
Luke Kennard  ,1.0,LAC,38
Luke Kennard  ,2.0,LAC,31
Luke Kennard  ,3.0,LAC,36
Luke Kennard  ,4.0,LAC,10
Luke Kornet  ,0.0,BOS,0
Luke Kornet  ,1.0,BOS,24
Luke Kornet  ,2.0,BOS,12
Luke Kornet  ,3.0,BOS,28
Luke Kornet  ,4.0,BOS,2
Malachi Flynn  ,0.0,TOR,6
Malachi Flynn  ,1.0,TOR,3
Malachi Flynn  ,2.0,TOR,15
Malachi Flynn  ,3.0,TOR,23
Malachi Flynn  ,4.0,TOR,16
Malaki Branham  ,1.0,SAS,4
Malaki Branham  ,2.0,SAS,17
Malcolm Brogdon  ,0.0,BOS,37
Malcolm Brogdon  ,1.0,BOS,53
Malcolm Brogdon  ,2.0,BOS,58
Malcolm Brogdon  ,3.0,BOS,21
Malcolm Hill  ,1.0,CHI,1
Malcolm Hill  ,3.0,CHI,0
Malik Beasley  ,0.0,UTA,31
Malik Beasley  ,1.0,UTA,47
Malik Beasley  ,2.0,UTA,47
Malik Beasley  ,3.0,UTA,88
Malik Beasley  ,4.0,UTA,14
Malik Monk  ,0.0,SAC,32
Malik Monk  ,1.0,SAC,29
Malik Monk  ,2.0,SAC,43
Malik Monk  ,3.0,SAC,61
Malik Monk  ,4.0,SAC,20
Mamadi Diakite  ,1.0,CLE,0
Mamadi Diakite  ,2.0,CLE,5
Mamadi Diakite  ,3.0,CLE,-2
MarJon Beauchamp  ,0.0,MIL,4
MarJon Beauchamp  ,1.0,MIL,4
MarJon Beauchamp  ,2.0,MIL,32
MarJon Beauchamp  ,3.0,MIL,70
MarJon Beauchamp  ,4.0,MIL,58
Marcus Smart  ,0.0,BOS,32
Marcus Smart  ,1.0,BOS,49
Marcus Smart  ,2.0,BOS,59
Marcus Smart  ,3.0,BOS,83
Marcus Smart  ,4.0,BOS,29
Marko Simonovic  ,0.0,CHI,-1
Marvin Bagley III  ,3.0,DET,8
Marvin Bagley III  ,4.0,DET,16
Mason Plumlee  ,0.0,CHO,48
Mason Plumlee  ,1.0,CHO,38
Mason Plumlee  ,2.0,CHO,83
Mason Plumlee  ,3.0,CHO,93
Mason Plumlee  ,4.0,CHO,36
Matisse Thybulle  ,0.0,PHI,-1
Matisse Thybulle  ,1.0,PHI,15
Matisse Thybulle  ,2.0,PHI,14
Matisse Thybulle  ,3.0,PHI,18
Matt Ryan  ,0.0,LAL,7
Matt Ryan  ,1.0,LAL,14
Matt Ryan  ,2.0,LAL,23
Matt Ryan  ,3.0,LAL,1
Matthew Dellavedova  ,1.0,SAC,0
Matthew Dellavedova  ,2.0,SAC,11
Matthew Dellavedova  ,4.0,SAC,2
Max Strus  ,0.0,MIA,55
Max Strus  ,1.0,MIA,56
Max Strus  ,2.0,MIA,57
Max Strus  ,3.0,MIA,66
Max Strus  ,4.0,MIA,4
McKinley Wright IV  ,0.0,DAL,4
Micah Potter  ,1.0,UTA,8
Micah Potter  ,2.0,UTA,0
Michael Porter Jr.  ,0.0,DEN,67
Michael Porter Jr.  ,1.0,DEN,76
Michael Porter Jr.  ,2.0,DEN,37
Michael Porter Jr.  ,3.0,DEN,93
Mikal Bridges  ,0.0,PHO,52
Mikal Bridges  ,1.0,PHO,82
Mikal Bridges  ,2.0,PHO,55
Mikal Bridges  ,3.0,PHO,68
Mikal Bridges  ,4.0,PHO,17
Mike Conley  ,0.0,UTA,104
Mike Conley  ,1.0,UTA,98
Mike Conley  ,2.0,UTA,182
Mike Conley  ,3.0,UTA,118
Mike Conley  ,4.0,UTA,36
Mike Muscala  ,0.0,OKC,47
Mike Muscala  ,1.0,OKC,23
Mike Muscala  ,2.0,OKC,6
Mike Muscala  ,3.0,OKC,31
Miles McBride  ,0.0,NYK,-2
Miles McBride  ,1.0,NYK,0
Miles McBride  ,3.0,NYK,0
Mitchell Robinson  ,0.0,NYK,36
Mitchell Robinson  ,1.0,NYK,128
Mitchell Robinson  ,2.0,NYK,54
Mo Bamba  ,0.0,ORL,10
Mo Bamba  ,1.0,ORL,41
Mo Bamba  ,2.0,ORL,4
Mo Bamba  ,3.0,ORL,52
Mo Bamba  ,4.0,ORL,24
Monte Morris  ,0.0,WAS,53
Monte Morris  ,1.0,WAS,33
Monte Morris  ,2.0,WAS,54
Monte Morris  ,3.0,WAS,49
Montrezl Harrell  ,0.0,PHI,4
Montrezl Harrell  ,1.0,PHI,40
Montrezl Harrell  ,2.0,PHI,60
Montrezl Harrell  ,3.0,PHI,28
Moses Brown  ,0.0,LAC,2
Moses Brown  ,1.0,LAC,5
Moses Brown  ,2.0,LAC,17
Moses Brown  ,3.0,LAC,1
Moses Brown  ,4.0,LAC,10
Moses Moody  ,0.0,GSW,8
Moses Moody  ,1.0,GSW,39
Moses Moody  ,2.0,GSW,19
Moses Moody  ,3.0,GSW,3
Moses Moody  ,4.0,GSW,15
Moussa Diabate  ,1.0,LAC,7
Myles Turner  ,1.0,IND,53
Myles Turner  ,2.0,IND,24
Myles Turner  ,3.0,IND,116
Naji Marshall  ,0.0,NOP,30
Naji Marshall  ,1.0,NOP,126
Naji Marshall  ,2.0,NOP,24
Naji Marshall  ,3.0,NOP,34
Naji Marshall  ,4.0,NOP,20
Nassir Little  ,0.0,POR,20
Nassir Little  ,1.0,POR,21
Nassir Little  ,2.0,POR,28
Nassir Little  ,3.0,POR,40
Nassir Little  ,4.0,POR,1
Nathan Knight  ,0.0,MIN,2
Nathan Knight  ,1.0,MIN,0
Nathan Knight  ,2.0,MIN,2
Nathan Knight  ,3.0,MIN,4
Naz Reid  ,0.0,MIN,18
Naz Reid  ,1.0,MIN,25
Naz Reid  ,2.0,MIN,34
Naz Reid  ,3.0,MIN,10
Nerlens Noel  ,2.0,DET,18
Nerlens Noel  ,3.0,DET,3
Nic Claxton  ,0.0,BRK,57
Nic Claxton  ,1.0,BRK,52
Nic Claxton  ,2.0,BRK,108
Nic Claxton  ,3.0,BRK,84
Nic Claxton  ,4.0,BRK,5
Nick Richards  ,0.0,CHO,74
Nick Richards  ,1.0,CHO,42
Nick Richards  ,2.0,CHO,37
Nick Richards  ,3.0,CHO,52
Nick Richards  ,4.0,CHO,10
Nickeil Alexander-Walker  ,0.0,UTA,3
Nickeil Alexander-Walker  ,1.0,UTA,26
Nickeil Alexander-Walker  ,2.0,UTA,4
Nickeil Alexander-Walker  ,3.0,UTA,-3
Nicolas Batum  ,0.0,LAC,28
Nicolas Batum  ,1.0,LAC,26
Nicolas Batum  ,2.0,LAC,31
Nicolas Batum  ,3.0,LAC,17
Nicolas Batum  ,4.0,LAC,46
Nikola Jokic  ,0.0,DEN,426
Nikola Jokic  ,1.0,DEN,432
Nikola Jokic  ,2.0,DEN,255
Nikola Jokic  ,3.0,DEN,381
Nikola Jovic  ,1.0,MIA,18
Nikola Jovic  ,3.0,MIA,9
Nikola Vucevic  ,0.0,CHI,80
Nikola Vucevic  ,1.0,CHI,108
Nikola Vucevic  ,2.0,CHI,120
Nikola Vucevic  ,3.0,CHI,58
Noah Vonleh  ,0.0,BOS,19
Noah Vonleh  ,1.0,BOS,12
Noah Vonleh  ,2.0,BOS,13
Noah Vonleh  ,3.0,BOS,11
Noah Vonleh  ,4.0,BOS,-1
Norman Powell  ,0.0,LAC,7
Norman Powell  ,1.0,LAC,36
Norman Powell  ,2.0,LAC,36
Norman Powell  ,3.0,LAC,50
Norman Powell  ,4.0,LAC,17
Obi Toppin  ,0.0,NYK,24
Obi Toppin  ,1.0,NYK,51
Obi Toppin  ,2.0,NYK,35
Obi Toppin  ,3.0,NYK,51
Obi Toppin  ,4.0,NYK,21
Ochai Agbaji  ,0.0,UTA,0
Ochai Agbaji  ,1.0,UTA,12
Ochai Agbaji  ,2.0,UTA,3
Ochai Agbaji  ,3.0,UTA,2
Onyeka Okongwu  ,0.0,ATL,34
Onyeka Okongwu  ,1.0,ATL,49
Onyeka Okongwu  ,2.0,ATL,31
Onyeka Okongwu  ,3.0,ATL,53
Onyeka Okongwu  ,4.0,ATL,11
Oshae Brissett  ,0.0,IND,0
Oshae Brissett  ,1.0,IND,0
Oshae Brissett  ,2.0,IND,2
Oshae Brissett  ,3.0,IND,10
Otto Porter Jr.  ,2.0,TOR,28
Otto Porter Jr.  ,3.0,TOR,43
Otto Porter Jr.  ,4.0,TOR,-2
Ousmane Dieng  ,0.0,OKC,9
Ousmane Dieng  ,1.0,OKC,2
Ousmane Dieng  ,2.0,OKC,35
Ousmane Dieng  ,3.0,OKC,-1
Paolo Banchero  ,0.0,ORL,74
Paolo Banchero  ,1.0,ORL,94
Paolo Banchero  ,2.0,ORL,79
Paolo Banchero  ,3.0,ORL,29
Pascal Siakam  ,0.0,TOR,118
Pascal Siakam  ,1.0,TOR,93
Pascal Siakam  ,2.0,TOR,111
Patrick Baldwin Jr.  ,1.0,GSW,0
Patrick Baldwin Jr.  ,2.0,GSW,-1
Patrick Beverley  ,0.0,LAL,28
Patrick Beverley  ,1.0,LAL,34
Patrick Beverley  ,2.0,LAL,15
Patrick Beverley  ,3.0,LAL,22
Patrick Williams  ,0.0,CHI,24
Patrick Williams  ,1.0,CHI,76
Patrick Williams  ,2.0,CHI,114
Patrick Williams  ,3.0,CHI,94
Patty Mills  ,0.0,BRK,25
Patty Mills  ,1.0,BRK,22
Patty Mills  ,2.0,BRK,30
Patty Mills  ,3.0,BRK,5
Patty Mills  ,4.0,BRK,7
Paul George  ,0.0,LAC,85
Paul George  ,1.0,LAC,14
Paul George  ,2.0,LAC,144
Paul George  ,3.0,LAC,67
Paul George  ,4.0,LAC,48
Paul Reed  ,0.0,PHI,1
Paul Reed  ,1.0,PHI,2
Paul Reed  ,2.0,PHI,16
Paul Reed  ,3.0,PHI,9
Payton Pritchard  ,0.0,BOS,9
Payton Pritchard  ,1.0,BOS,9
Payton Pritchard  ,3.0,BOS,57
Payton Pritchard  ,4.0,BOS,42
Peyton Watson  ,0.0,DEN,-1
Peyton Watson  ,1.0,DEN,6
Precious Achiuwa  ,0.0,TOR,40
Precious Achiuwa  ,1.0,TOR,41
Precious Achiuwa  ,2.0,TOR,54
Precious Achiuwa  ,3.0,TOR,18
Quentin Grimes  ,2.0,NYK,4
Quentin Grimes  ,3.0,NYK,6
RJ Barrett  ,0.0,NYK,22
RJ Barrett  ,1.0,NYK,64
RJ Barrett  ,2.0,NYK,71
RJ Barrett  ,3.0,NYK,66
RJ Barrett  ,4.0,NYK,5
Raul Neto  ,0.0,CLE,14
Raul Neto  ,1.0,CLE,11
Raul Neto  ,2.0,CLE,18
Raul Neto  ,3.0,CLE,-1
Reggie Bullock  ,0.0,DAL,23
Reggie Bullock  ,1.0,DAL,35
Reggie Bullock  ,2.0,DAL,6
Reggie Bullock  ,3.0,DAL,16
Reggie Bullock  ,4.0,DAL,16
Reggie Jackson  ,0.0,LAC,27
Reggie Jackson  ,1.0,LAC,32
Reggie Jackson  ,2.0,LAC,33
Reggie Jackson  ,3.0,LAC,42
Reggie Jackson  ,4.0,LAC,28
Richaun Holmes  ,0.0,SAC,52
Richaun Holmes  ,1.0,SAC,12
Richaun Holmes  ,2.0,SAC,26
Richaun Holmes  ,4.0,SAC,14
Robert Covington  ,0.0,LAC,28
Robert Covington  ,1.0,LAC,26
Robert Covington  ,2.0,LAC,1
Robert Covington  ,3.0,LAC,2
Robert Covington  ,4.0,LAC,9
Robin Lopez  ,0.0,CLE,25
Robin Lopez  ,1.0,CLE,2
Robin Lopez  ,2.0,CLE,3
Robin Lopez  ,3.0,CLE,7
Rodney McGruder  ,0.0,DET,3
Rodney McGruder  ,1.0,DET,0
Rodney McGruder  ,2.0,DET,0
Rodney McGruder  ,3.0,DET,2
Romeo Langford  ,0.0,SAS,1
Romeo Langford  ,1.0,SAS,15
Romeo Langford  ,2.0,SAS,4
Romeo Langford  ,3.0,SAS,9
Rudy Gay  ,0.0,UTA,30
Rudy Gay  ,1.0,UTA,10
Rudy Gay  ,2.0,UTA,5
Rudy Gay  ,3.0,UTA,30
Rudy Gobert  ,0.0,MIN,96
Rudy Gobert  ,1.0,MIN,92
Rudy Gobert  ,2.0,MIN,36
Rudy Gobert  ,3.0,MIN,83
Rui Hachimura  ,0.0,WAS,33
Rui Hachimura  ,1.0,WAS,36
Rui Hachimura  ,2.0,WAS,45
Rui Hachimura  ,3.0,WAS,44
Russell Westbrook  ,0.0,LAL,42
Russell Westbrook  ,1.0,LAL,38
Russell Westbrook  ,2.0,LAL,80
Russell Westbrook  ,3.0,LAL,93
Ryan Arcidiacono  ,0.0,NYK,0
Ryan Arcidiacono  ,3.0,NYK,3
Ryan Rollins  ,0.0,GSW,1
Ryan Rollins  ,1.0,GSW,-1
Ryan Rollins  ,2.0,GSW,2
Ryan Rollins  ,4.0,GSW,6
Saddiq Bey  ,0.0,DET,75
Saddiq Bey  ,1.0,DET,53
Saddiq Bey  ,2.0,DET,52
Saddiq Bey  ,3.0,DET,55
Saddiq Bey  ,4.0,DET,11
Sam Hauser  ,0.0,BOS,21
Sam Hauser  ,1.0,BOS,28
Sam Hauser  ,2.0,BOS,34
Sam Hauser  ,3.0,BOS,46
Sam Hauser  ,4.0,BOS,7
Sandro Mamukelashvili  ,0.0,MIL,-1
Sandro Mamukelashvili  ,3.0,MIL,6
Sandro Mamukelashvili  ,4.0,MIL,3
Santi Aldama  ,0.0,MEM,56
Santi Aldama  ,1.0,MEM,37
Santi Aldama  ,2.0,MEM,51
Santi Aldama  ,3.0,MEM,66
Santi Aldama  ,4.0,MEM,14
Scottie Barnes  ,0.0,TOR,49
Scottie Barnes  ,1.0,TOR,52
Scottie Barnes  ,2.0,TOR,113
Scottie Barnes  ,3.0,TOR,50
Scottie Barnes  ,4.0,TOR,11
Serge Ibaka  ,0.0,MIL,39
Serge Ibaka  ,1.0,MIL,18
Serge Ibaka  ,2.0,MIL,48
Serge Ibaka  ,3.0,MIL,84
Serge Ibaka  ,4.0,MIL,24
Seth Curry  ,1.0,BRK,5
Seth Curry  ,2.0,BRK,0
Seth Curry  ,3.0,BRK,52
Seth Curry  ,4.0,BRK,12
Shaedon Sharpe  ,0.0,POR,20
Shaedon Sharpe  ,1.0,POR,37
Shaedon Sharpe  ,2.0,POR,23
Shaedon Sharpe  ,3.0,POR,30
Shaedon Sharpe  ,4.0,POR,15
Shai Gilgeous-Alexander  ,0.0,OKC,59
Shai Gilgeous-Alexander  ,1.0,OKC,106
Shai Gilgeous-Alexander  ,2.0,OKC,87
Shai Gilgeous-Alexander  ,3.0,OKC,135
Shai Gilgeous-Alexander  ,4.0,OKC,37
Shake Milton  ,1.0,PHI,20
Shake Milton  ,2.0,PHI,18
Shake Milton  ,3.0,PHI,46
Simone Fontecchio  ,0.0,UTA,0
Simone Fontecchio  ,1.0,UTA,12
Simone Fontecchio  ,2.0,UTA,0
Simone Fontecchio  ,3.0,UTA,0
Simone Fontecchio  ,4.0,UTA,15
Spencer Dinwiddie  ,0.0,DAL,29
Spencer Dinwiddie  ,1.0,DAL,76
Spencer Dinwiddie  ,2.0,DAL,47
Spencer Dinwiddie  ,3.0,DAL,113
Spencer Dinwiddie  ,4.0,DAL,17
Stephen Curry  ,0.0,GSW,107
Stephen Curry  ,1.0,GSW,147
Stephen Curry  ,2.0,GSW,102
Stephen Curry  ,3.0,GSW,135
Stephen Curry  ,4.0,GSW,23
Steven Adams  ,0.0,MEM,38
Steven Adams  ,1.0,MEM,53
Steven Adams  ,2.0,MEM,90
Steven Adams  ,3.0,MEM,62
Steven Adams  ,4.0,MEM,3
Svi Mykhailiuk  ,0.0,NYK,12
Svi Mykhailiuk  ,3.0,NYK,12
T.J. McConnell  ,0.0,IND,20
T.J. McConnell  ,1.0,IND,5
T.J. McConnell  ,2.0,IND,18
T.J. McConnell  ,3.0,IND,24
Taj Gibson  ,1.0,WAS,7
Taj Gibson  ,2.0,WAS,10
Taj Gibson  ,3.0,WAS,2
Talen Horton-Tucker  ,0.0,UTA,17
Talen Horton-Tucker  ,1.0,UTA,40
Talen Horton-Tucker  ,2.0,UTA,28
Talen Horton-Tucker  ,3.0,UTA,63
Talen Horton-Tucker  ,4.0,UTA,8
Tari Eason  ,0.0,HOU,40
Tari Eason  ,1.0,HOU,38
Tari Eason  ,2.0,HOU,38
Tari Eason  ,3.0,HOU,40
Tari Eason  ,4.0,HOU,12
Terance Mann  ,0.0,LAC,18
Terance Mann  ,1.0,LAC,27
Terance Mann  ,2.0,LAC,30
Terance Mann  ,3.0,LAC,38
Terance Mann  ,4.0,LAC,23
Terrence Ross  ,0.0,ORL,63
Terrence Ross  ,1.0,ORL,31
Terrence Ross  ,2.0,ORL,0
Terrence Ross  ,3.0,ORL,40
Terrence Ross  ,4.0,ORL,2
Terry Rozier  ,0.0,CHO,180
Terry Rozier  ,2.0,CHO,66
Terry Rozier  ,3.0,CHO,207
Terry Rozier  ,4.0,CHO,48
Terry Taylor  ,0.0,IND,27
Terry Taylor  ,1.0,IND,5
Terry Taylor  ,3.0,IND,-1
Thaddeus Young  ,0.0,TOR,10
Thaddeus Young  ,1.0,TOR,1
Thaddeus Young  ,2.0,TOR,21
Thaddeus Young  ,3.0,TOR,35
Thaddeus Young  ,4.0,TOR,17
Thanasis Antetokounmpo  ,0.0,MIL,0
Thanasis Antetokounmpo  ,2.0,MIL,3
Thanasis Antetokounmpo  ,3.0,MIL,2
Thanasis Antetokounmpo  ,4.0,MIL,0
Theo Maledon  ,0.0,CHO,11
Theo Maledon  ,1.0,CHO,36
Theo Maledon  ,2.0,CHO,21
Theo Maledon  ,3.0,CHO,19
Theo Maledon  ,4.0,CHO,22
Theo Pinson  ,0.0,DAL,10
Theo Pinson  ,3.0,DAL,0
Tobias Harris  ,0.0,PHI,54
Tobias Harris  ,1.0,PHI,80
Tobias Harris  ,2.0,PHI,80
Tobias Harris  ,3.0,PHI,66
Tony Bradley  ,0.0,CHI,1
Tony Bradley  ,1.0,CHI,1
Tony Bradley  ,3.0,CHI,4
Torrey Craig  ,0.0,PHO,48
Torrey Craig  ,1.0,PHO,70
Torrey Craig  ,2.0,PHO,70
Torrey Craig  ,3.0,PHO,46
Torrey Craig  ,4.0,PHO,32
Trae Young  ,0.0,ATL,166
Trae Young  ,1.0,ATL,238
Trae Young  ,2.0,ATL,116
Trae Young  ,3.0,ATL,130
Trae Young  ,4.0,ATL,44
Tre Jones  ,0.0,SAS,52
Tre Jones  ,1.0,SAS,56
Tre Jones  ,2.0,SAS,44
Tre Jones  ,3.0,SAS,73
Tre Jones  ,4.0,SAS,12
Tre Mann  ,0.0,OKC,33
Tre Mann  ,1.0,OKC,44
Tre Mann  ,2.0,OKC,21
Tre Mann  ,3.0,OKC,51
Trendon Watford  ,2.0,POR,8
Trendon Watford  ,3.0,POR,33
Trendon Watford  ,4.0,POR,6
Trent Forrest  ,0.0,ATL,2
Trent Forrest  ,1.0,ATL,0
Trent Forrest  ,2.0,ATL,2
Trent Forrest  ,3.0,ATL,0
Trevor Hudgins  ,0.0,HOU,4
Trevor Keels  ,0.0,NYK,0
Trey Lyles  ,0.0,SAC,9
Trey Lyles  ,1.0,SAC,13
Trey Lyles  ,2.0,SAC,35
Trey Lyles  ,3.0,SAC,17
Trey Lyles  ,4.0,SAC,8
Trey Murphy III  ,0.0,NOP,60
Trey Murphy III  ,1.0,NOP,63
Trey Murphy III  ,2.0,NOP,35
Trey Murphy III  ,3.0,NOP,44
Trey Murphy III  ,4.0,NOP,15
Troy Brown Jr.  ,0.0,LAL,10
Troy Brown Jr.  ,1.0,LAL,70
Troy Brown Jr.  ,2.0,LAL,100
Troy Brown Jr.  ,3.0,LAL,92
Ty Jerome  ,1.0,GSW,23
Ty Jerome  ,2.0,GSW,39
Ty Jerome  ,3.0,GSW,1
Tyler Dorsey  ,0.0,DAL,12
Tyler Herro  ,0.0,MIA,76
Tyler Herro  ,1.0,MIA,82
Tyler Herro  ,2.0,MIA,69
Tyrese Haliburton  ,0.0,IND,420
Tyrese Haliburton  ,1.0,IND,548
Tyrese Haliburton  ,2.0,IND,188
Tyrese Haliburton  ,3.0,IND,392
Tyrese Martin  ,0.0,ATL,2
Tyrese Martin  ,1.0,ATL,3
Tyrese Martin  ,2.0,ATL,3
Tyrese Martin  ,3.0,ATL,0
Tyrese Martin  ,4.0,ATL,0
Tyrese Maxey  ,0.0,PHI,49
Tyrese Maxey  ,1.0,PHI,112
Tyrese Maxey  ,2.0,PHI,78
Tyrese Maxey  ,3.0,PHI,59
Tyus Jones  ,0.0,MEM,38
Tyus Jones  ,1.0,MEM,56
Tyus Jones  ,2.0,MEM,34
Tyus Jones  ,3.0,MEM,41
Tyus Jones  ,4.0,MEM,5
Udoka Azubuike  ,1.0,UTA,7
Udoka Azubuike  ,2.0,UTA,3
Udoka Azubuike  ,3.0,UTA,11
Udonis Haslem  ,1.0,MIA,3
Usman Garuba  ,0.0,HOU,34
Usman Garuba  ,1.0,HOU,42
Usman Garuba  ,2.0,HOU,56
Usman Garuba  ,3.0,HOU,68
Usman Garuba  ,4.0,HOU,26
Vernon Carey Jr.  ,1.0,WAS,0
Vernon Carey Jr.  ,3.0,WAS,0
Vince Williams Jr.  ,0.0,MEM,-6
Vince Williams Jr.  ,2.0,MEM,21
Vit Krejci  ,0.0,ATL,1
Vit Krejci  ,1.0,ATL,0
Vit Krejci  ,2.0,ATL,6
Vit Krejci  ,3.0,ATL,4
Vit Krejci  ,4.0,ATL,0
Vlatko Cancar  ,0.0,DEN,-1
Vlatko Cancar  ,1.0,DEN,-1
Vlatko Cancar  ,2.0,DEN,6
Vlatko Cancar  ,3.0,DEN,3
Walker Kessler  ,0.0,UTA,54
Walker Kessler  ,1.0,UTA,5
Walker Kessler  ,2.0,UTA,24
Walker Kessler  ,3.0,UTA,50
Walker Kessler  ,4.0,UTA,16
Wendell Carter Jr.  ,0.0,ORL,66
Wendell Carter Jr.  ,1.0,ORL,80
Wendell Carter Jr.  ,2.0,ORL,94
Wendell Carter Jr.  ,3.0,ORL,75
Wendell Carter Jr.  ,4.0,ORL,27
Wendell Moore Jr.  ,0.0,MIN,-2
Wenyen Gabriel  ,0.0,LAL,-1
Wenyen Gabriel  ,1.0,LAL,20
Wenyen Gabriel  ,2.0,LAL,24
Wenyen Gabriel  ,3.0,LAL,36
Will Barton  ,0.0,WAS,28
Will Barton  ,1.0,WAS,38
Will Barton  ,2.0,WAS,41
Will Barton  ,3.0,WAS,41
Willy Hernangomez  ,0.0,NOP,5
Willy Hernangomez  ,1.0,NOP,4
Willy Hernangomez  ,3.0,NOP,6
Xavier Tillman Sr.  ,0.0,MEM,18
Xavier Tillman Sr.  ,1.0,MEM,5
Xavier Tillman Sr.  ,2.0,MEM,7
Xavier Tillman Sr.  ,3.0,MEM,6
Yuta Watanabe  ,0.0,BRK,-3
Yuta Watanabe  ,1.0,BRK,26
Yuta Watanabe  ,2.0,BRK,61
Yuta Watanabe  ,3.0,BRK,18
Yuta Watanabe  ,4.0,BRK,12
Zach Collins  ,0.0,SAS,26
Zach Collins  ,1.0,SAS,64
Zach Collins  ,2.0,SAS,28
Zach LaVine  ,0.0,CHI,25
Zach LaVine  ,1.0,CHI,60
Zach LaVine  ,2.0,CHI,62
Zach LaVine  ,3.0,CHI,72
Zeke Nnaji  ,0.0,DEN,2
Zeke Nnaji  ,1.0,DEN,3
Zeke Nnaji  ,2.0,DEN,7
Zeke Nnaji  ,3.0,DEN,5
Zion Williamson  ,0.0,NOP,177
Zion Williamson  ,1.0,NOP,108
Zion Williamson  ,2.0,NOP,174
Zion Williamson  ,3.0,NOP,339
